substance,cas,annex_i_category,eu_aa_eqs_ug_l,station_years,station_years_with_eqs,below_loq,no_flag_no_limit,loq_above_eqs,loq_above_30pct_eqs,pct_failing_legal_criterion
Ammonium,,,,102122,0,32296,44631,0,0,
Nitrate,,,,96039,0,12445,50514,0,0,
Phosphate,,,,95320,0,28028,45200,0,0,
Dissolved oxygen,,,,86733,0,1266,52022,0,0,
Total phosphorus,,,,85650,0,14480,42485,0,0,
pH,,,,82016,0,0,57774,0,0,
BOD5,,,,81354,0,23100,38520,0,0,
Nitrite,,,,72002,0,19166,34304,0,0,
Water temperature,,,,58621,0,126,33417,0,0,
Total nitrogen,,,,58546,0,9466,31878,0,0,
Oxygen saturation,,,,55271,0,253,47688,0,0,
Lead and its compounds,,,,44675,44675,29400,12510,6283,20308,45.46
Cadmium and its compounds,,,,43655,43655,29872,11201,11186,20877,47.82
Electrical conductivity,,,,43423,0,234,15199,0,0,
CODCr,,,,42765,0,6831,25536,0,0,
Nickel and its compounds,,,,42738,42738,20822,12562,4828,19975,46.74
Copper and its compounds,,,,41622,0,17825,13912,0,0,
Zinc and its compounds,,,,40341,0,21794,14432,0,0,
Total organic carbon (TOC),,,,38291,0,3894,17216,0,0,
Mercury and its compounds,,,,36628,0,27373,8311,0,0,
Total suspended solids,,,,36193,0,12401,13384,0,0,
Chromium and its compounds,,,,34424,0,22189,9987,0,0,
Chloride,,,,34215,0,4263,14852,0,0,
Arsenic and its compounds,,,,33984,0,17384,8876,0,0,
Total oxidised nitrogen,,,,33856,0,376,30692,0,0,
Atrazine,,,,30946,0,25039,5298,0,0,
Simazine,,,,30124,0,25422,4440,0,0,
Alachlor,,,,28284,0,24942,3233,0,0,
Calcium,,,,28256,0,1462,12879,0,0,
Sulphate,,,,27782,0,2156,14755,0,0,
Magnesium,,,,27393,0,2134,12687,0,0,
Hardness,,,,26909,0,1430,12465,0,0,
Gamma-HCH (Lindane),,,,26422,0,22823,3199,0,0,
Aldrin,,,,26234,0,23097,2945,0,0,
Trifluralin,,,,26037,26037,23313,2682,2245,9146,35.13
Chlorpyrifos,,,,25960,25960,23527,1949,23861,23973,92.35
Sodium,,,,25847,0,1902,11479,0,0,
Dieldrin,,,,25763,0,22503,3062,0,0,
Endrin,,,,25629,0,22478,2949,0,0,
Diuron,,,,25218,25218,21622,3144,4282,12129,48.10
Potassium,,,,25130,0,4047,10594,0,0,
Isoproturon,,,,24882,24882,22022,2653,117,889,3.57
"DDT, p,p'",,,,24803,24803,21852,2820,1294,4671,18.83
Iron and its compounds,,,,24102,0,7558,8832,0,0,
Chlorfenvinphos,,,,24088,0,22222,1745,0,0,
Manganese and its compounds,,,,24055,0,8059,8570,0,0,
Isodrin,,,,23842,0,21658,2074,0,0,
Fluoranthene,,,,23605,23605,17599,3263,18977,20168,85.44
Benzo(a)pyrene,,,,23371,0,19074,3029,0,0,
Hexachlorobenzene,,,,23364,0,20350,2790,0,0,
Benzene,,,,23351,23351,20799,2458,152,1479,6.33
"Benzo(g,h,i)perylene",,,,23275,0,19256,2758,0,0,
"1,2-dichloroethane",,,,23151,23151,20505,2584,362,916,3.96
Benzo(b)fluoranthene,,,,22954,0,19044,2832,0,0,
"Indeno(1,2,3-cd)pyrene",,,,22709,0,19040,2694,0,0,
Anthracene,,,,22677,22677,20532,2061,1035,1359,5.99
Naphthalene,,,,22514,22514,19515,2282,1337,1887,8.38
Trichloromethane,,,,22438,22438,19860,2382,1062,6379,28.43
Benzo(k)fluoranthene,,,,22359,0,19226,2619,0,0,
"p,p'-DDE",,,,22057,0,20578,1431,0,0,
Tetrachloroethylene,,,,22016,22016,19027,2298,132,429,1.95
CODMn,,,,21960,0,98,16796,0,0,
Dichloromethane,,,,21912,21912,20088,1684,37,3805,17.36
Carbon tetrachloride,,,,21793,0,19710,1891,0,0,
Alpha-Endosulfan,,,,21653,0,19608,1967,0,0,
Trichloroethylene,,,,21172,21172,18903,1819,12,237,1.12
Chlorophyll a,,,,20973,0,2683,11780,0,0,
"p,p'-DDD",,,,20739,0,18788,1883,0,0,
Total inorganic nitrogen,,,,20560,0,0,19050,0,0,
Kjeldahl nitrogen,,,,20227,0,7009,10852,0,0,
Terbuthylazine,,,,20153,0,18007,1486,0,0,
"DDT, o,p'",,,,19438,0,17891,1501,0,0,
Metolachlor,,,,19313,0,17029,1407,0,0,
Alpha-HCH,,,,18845,0,16785,1781,0,0,
Hexachlorobutadiene,,,,18375,18375,16083,2127,15792,16110,87.67
Aluminium and its compounds,,,,17861,0,7402,7299,0,0,
Toluene,,,,17760,0,16542,1138,0,0,
Beta-HCH,,,,17693,0,15575,1767,0,0,
Heptachlor,,,,17479,0,16189,1209,0,0,
Selenium and its compounds,,,,16903,0,14150,617,0,0,
Pentachlorobenzene,,,,16730,16730,15295,1130,3850,6195,37.03
"1,2,4-trichlorobenzene",,,,16611,0,15140,1099,0,0,
Beta-Endosulfan,,,,16607,0,15357,986,0,0,
Linuron,,,,16501,0,14353,1918,0,0,
Hydrogen Carbonate (Bicarbonate) HCO3,,,,16459,0,1207,7137,0,0,
"1,2,3-trichlorobenzene",,,,15960,0,14780,855,0,0,
MCPA,,,,15847,0,14767,1023,0,0,
Total organic nitrogen,,,,15592,0,48,13676,0,0,
Dichlorvos,,,,15397,15397,14202,1160,11370,14201,92.23
Terbutryn,,,,15393,15393,14547,376,815,5539,35.98
"1,3,5-trichlorobenzene",,,,15343,0,14271,741,0,0,
Pentachlorophenol,,,,15233,15233,13246,1869,988,2243,14.72
Delta-HCH,,,,15162,0,14191,739,0,0,
"1,1,1-trichloroethane",,,,15131,0,13915,1210,0,0,
Malathion,,,,13520,0,12339,1118,0,0,
Parathion,,,,13201,0,12265,935,0,0,
Ethylbenzene,,,,13173,0,12408,737,0,0,
Prometryn,,,,12920,0,12065,841,0,0,
"1,2-dichlorobenzene",,,,12770,0,12445,318,0,0,
Dicofol,,,,12738,12738,12428,269,4006,5521,43.34
Aclonifen,,,,12711,12711,12696,2,119,1438,11.31
Parathion-methyl,,,,12485,0,11532,945,0,0,
Dimethoate,,,,12346,0,11058,1247,0,0,
Desethylatrazine,,,,12343,0,10912,1130,0,0,
Heptachlor epoxide,,,,12298,0,11786,447,0,0,
"1,3-dichlorobenzene",,,,12224,0,11904,317,0,0,
Quinoxyfen,,,,12064,12064,12052,2,121,769,6.37
Non-ionised ammonia,,,,11899,0,6370,4018,0,0,
Pendimethalin,,,,11631,0,10717,794,0,0,
Barium,,,,11545,0,2537,985,0,0,
Glyphosate,,,,11496,11496,9869,184,826,7795,67.81
"1,4-dichlorobenzene",,,,11468,0,11272,195,0,0,
O-xylene,,,,11346,0,11283,55,0,0,
Bifenox,,,,11129,11129,11119,2,1959,3974,35.71
Chlorobenzene,,,,11102,0,10796,304,0,0,
Metribuzin,,,,11021,0,10532,465,0,0,
Cybutryne,,,,11015,11015,11011,0,3674,10160,92.24
Cobalt and its compounds,,,,10975,0,9349,1054,0,0,
Propazine,,,,10910,0,10000,839,0,0,
Boron,,,,10700,0,5156,628,0,0,
Chrysene,,,,10403,0,9259,550,0,0,
"Octylphenol (4-(1,1',3,3'-tetramethylbutyl)-phenol)",,,,10328,0,9357,828,0,0,
Phenanthrene,,,,10325,0,7767,360,0,0,
Fluoride,,,,10225,0,5181,38,0,0,
Ametryn,,,,10124,0,9477,643,0,0,
Pyrene,,,,10055,0,7864,506,0,0,
Mecoprop,,,,10037,0,9564,529,0,0,
Diazinon,,,,10012,0,9909,24,0,0,
Acid neutralizing capacity,,,,9977,0,110,4744,0,0,
Antimony,,,,9837,0,9503,106,0,0,
Fenitrothion,,,,9825,0,8764,998,0,0,
Metazachlor,,,,9660,0,8799,706,0,0,
Benzo(a)anthracene,,,,9651,0,8834,522,0,0,
Vanadium and its compounds,,,,9519,0,6091,1279,0,0,
"Dibenzo(a,h)anthracene",,,,9450,0,9006,430,0,0,
Molybdenum and its compounds,,,,9211,0,7945,263,0,0,
Aminomethylphosphonic acid (AMPA),,,,9030,0,6803,5,0,0,
Fluorene,,,,8945,0,7938,200,0,0,
"2,4-dichlorophenoxyacetic acid, 2-4 D",,,,8563,0,7564,811,0,0,
Dissolved organic carbon (DOC),,,,8457,0,94,5412,0,0,
Di(2-ethylhexyl)phthalate (DEHP),,,,8403,8403,7105,1348,632,4711,56.06
Metamitron,,,,8207,0,8160,39,0,0,
Pirimicarb,,,,8168,0,8063,93,0,0,
"o,p'-DDE",,,,8120,0,8004,59,0,0,
Endosulfan sulfate,,,,8002,0,7959,0,0,0,
"o,p'-DDD",,,,7792,0,7733,59,0,0,
Acenaphthene,,,,7700,0,7014,229,0,0,
4-nonylphenol,,,,7671,0,7026,470,0,0,
Chlortoluron,,,,7657,0,7446,33,0,0,
Bromacil,,,,7576,0,7030,537,0,0,
Beryllium,,,,7567,0,7153,88,0,0,
Bentazone,,,,7552,0,6267,984,0,0,
Cyanazine,,,,7126,0,6837,288,0,0,
Cypermethrin,,,,7104,7104,7059,2,7102,7102,99.97
Acenaphthylene,,,,7062,0,6785,200,0,0,
Desisopropylatrazine,,,,6988,0,6516,449,0,0,
Tin and its compounds,,,,6956,0,6568,135,0,0,
Bromodichloromethane,,,,6945,0,6827,114,0,0,
Nitrate to orthophosphate ratio,,,,6877,0,0,6877,0,0,
Desethylterbuthylazine,,,,6815,0,6300,412,0,0,
Bromoform,,,,6691,0,6686,2,0,0,
Molinate,,,,6672,0,6667,0,0,0,
Metalaxyl,,,,6627,0,6098,501,0,0,
Chloroalkanes C10-13,,,,6559,6559,6287,262,923,3796,57.87
Oxyfluorfen,,,,6325,0,6260,0,0,0,
Chlorpyrifos-methyl,,,,6200,0,5758,431,0,0,
Dibromochlorometane,,,,6186,0,6182,2,0,0,
Thiacloprid,,,,5820,5820,5816,0,1899,5726,98.38
Methoxychlor,,,,5594,0,4786,573,0,0,
"3,4-dichloroaniline",,,,5569,0,5565,0,0,0,
Oxadiazon,,,,5487,0,5361,100,0,0,
Hexazinone,,,,5424,0,4685,714,0,0,
Imidacloprid,,,,5396,5396,5163,0,4091,5306,98.33
Hydrogen cyanide,,,,5335,0,5329,0,0,0,
Thallium,,,,5213,0,4803,238,0,0,
Trietazine,,,,5201,0,5195,0,0,0,
Carbendazim,,,,5159,0,5041,0,0,0,
Meta xylene + para xylene,,,,5105,0,5102,0,0,0,
"Dichlorprop (2,4-DP)",,,,5059,0,5039,20,0,0,
"BDE 99 (2,2’,4,4’,5-pentabromodiphenyl ether)",,,,5049,0,4652,34,0,0,
Azinphos-ethyl,,,,4949,0,4949,0,0,0,
Fenamiphos,,,,4917,0,4917,0,0,0,
Hexachlorocyclohexane,,,,4895,4895,3973,864,240,892,18.22
"BDE 47 (2,2’,4,4’-tetrabromodiphenyl ether)",,,,4775,0,4637,0,0,0,
"BDE 153 (2,2’,4,4’,5,5’-hexabromodiphenyl ether)",,,,4757,0,4625,31,0,0,
BOD7,,,,4725,0,388,3438,0,0,
"BDE 100 (2,2’,4,4’,6-pentabromodiphenyl ether)",,,,4708,0,4566,0,0,0,
Chloridazon,,,,4685,0,4069,575,0,0,
"BDE 154 (2,2’,4,4’,5,6’-hexabromodiphenyl ether)",,,,4651,0,4550,0,0,0,
Imazalil,,,,4621,0,4573,0,0,0,
Tributyltin-cation,,,,4602,4602,4166,318,1388,3290,71.49
"BDE 28 (2,4,4'-tribromodiphenyl ether)",,,,4590,0,4477,31,0,0,
4-chlorotoluene,,,,4502,0,3936,566,0,0,
"1,1-dichloroethane",,,,4482,0,3918,549,0,0,
"2,4,5-T",,,,4429,0,3849,573,0,0,
Phosalone,,,,4414,0,4111,303,0,0,
Total cyanide,,,,4390,0,3935,373,0,0,
Isopropylbenzene,,,,4376,0,4307,69,0,0,
Propyzamide,,,,4375,0,3992,358,0,0,
Tebuconazole,,,,4347,0,4322,0,0,0,
Endosulfan,,,,4341,4341,3516,791,797,1605,36.97
Alpha-Chlordan,,,,4329,0,4329,0,0,0,
Trans-chlordane,,,,4329,0,4329,0,0,0,
Terbumeton,,,,4285,0,3836,449,0,0,
Total nitrogen to total phosphorus ratio,,,,4231,0,0,4231,0,0,
Ethoprophos,,,,4185,0,4185,0,0,0,
Ethion,,,,4162,0,4162,0,0,0,
Xylene,,,,4161,0,3752,406,0,0,
"trans-1,2-dichloroethene",,,,4161,0,4085,69,0,0,
Carbonate,,,,4135,0,4050,0,0,0,
Epsilon-HCH,,,,4001,0,3882,112,0,0,
Trichlorobenzenes (all isomers),,,,3986,0,3120,860,0,0,
Propiconazole,,,,3954,0,3470,331,0,0,
"cis-1,2-dichloroethene",,,,3939,0,3756,138,0,0,
"1,1-dichloroethene",,,,3897,0,3737,152,0,0,
Silver,,,,3872,3872,3719,76,3369,3796,98.04
"1,2-dibromoethane",,,,3869,0,3525,344,0,0,
Acetochlor,,,,3779,0,3456,266,0,0,
Procymidone,,,,3722,0,3722,0,0,0,
"1,1,2-trichloroethane",,,,3624,0,3472,150,0,0,
Pirimiphos-methyl,,,,3601,0,3600,0,0,0,
Dicamba,,,,3589,0,3377,198,0,0,
Thiamethoxam,,,,3540,3540,3530,1,111,1294,36.55
Omethoate,,,,3520,0,3128,392,0,0,
Ethofumesate,,,,3438,0,3117,312,0,0,
Total dissolved solids,,,,3328,0,2,0,0,0,
Styrene,,,,3324,0,3243,81,0,0,
Mevinphos,,,,3301,0,3301,0,0,0,
Ethanimidamide,,,,3181,3181,3136,2,115,1025,32.22
Desmetryn,,,,3140,0,2999,141,0,0,
Perfluorooctane sulfonic acid (PFOS) and its derivatives,,,,3097,0,2847,1,0,0,
Phenols,,,,3051,0,572,2348,0,0,
Myclobutanil,,,,2974,0,2974,0,0,0,
Clothianidin,,,,2963,2963,2956,0,1081,2962,99.97
Dichlorobenzene,,,,2949,0,2813,136,0,0,
Secbumeton,,,,2931,0,2739,192,0,0,
Pyrimethanil,,,,2913,0,2886,0,0,0,
Permethrin-cis+trans,,,,2895,2895,2457,255,2623,2623,90.60
Diclofenac,,,,2859,2859,1880,6,678,1584,55.40
Carbofuran,,,,2856,0,2357,447,0,0,
Lenacil,,,,2772,0,2561,200,0,0,
Dichlobenil,,,,2768,0,2327,377,0,0,
"cis-1,3-dichloropropene",,,,2753,0,2753,0,0,0,
AOX,,,,2697,0,132,13,0,0,
Silicate,,,,2688,0,8,2281,0,0,
Chlordane,,,,2650,0,2228,422,0,0,
"Total DDT (DDT, p,p' + DDT, o,p' + DDE, p,p' + DDD, p,p')",,,,2593,0,2501,88,0,0,
Fenthion,,,,2547,0,2547,0,0,0,
Chlorinated benzene,,,,2540,0,2540,0,0,0,
"1,2-dichloropropane",,,,2509,0,2440,69,0,0,
Cadusafos,,,,2473,0,2473,0,0,0,
Phenol,,,,2458,0,2440,11,0,0,
Octylphenol,,,,2452,0,2370,46,0,0,
"1,1,2,2-tetrachloroethane",,,,2422,0,2407,15,0,0,
MCPB,,,,2380,0,2245,128,0,0,
Fenpropimorph,,,,2337,0,2324,6,0,0,
Bisphenol A,,,,2316,2316,2190,44,2263,2263,97.71
2-chlorotoluene,,,,2315,0,2168,147,0,0,
Uranium,,,,2313,0,1215,294,0,0,
Epoxiconazole,,,,2300,0,2299,0,0,0,
Chromium (VI),,,,2296,0,2291,0,0,0,
"2,6-dichlorobenzamide",,,,2278,0,2166,102,0,0,
Strontium,,,,2269,0,549,148,0,0,
Tri-allate,,,,2266,0,2266,0,0,0,
Detergents,,,,2253,0,131,1966,0,0,
Diflufenican,,,,2235,0,2148,2,0,0,
"trans-1,3-dichloropropene",,,,2230,0,2230,0,0,0,
Hydroxyterbuthylazine,,,,2223,0,1685,0,0,0,
Bromobenzene,,,,2199,0,2199,0,0,0,
Dimethachlor,,,,2196,0,2196,0,0,0,
Hydroxyatrazine,,,,2142,0,1842,0,0,0,
Clopyralid,,,,2126,0,2051,66,0,0,
Metolachlor OA,,,,2093,0,1817,0,0,0,
Metolachlor ESA,,,,2090,0,1157,0,0,0,
Acetochlor ESA,,,,2085,0,1743,0,0,0,
Acetochlor OA,,,,2085,0,2039,0,0,0,
Alachlor ESA,,,,2083,0,1329,0,0,0,
Alachlor OA,,,,2083,0,2073,0,0,0,
Prometon,,,,2071,0,1909,162,0,0,
PFOA,,,,2042,0,1997,3,0,0,
Ammonia,,,,2041,0,1956,0,0,0,
Methamidophos,,,,2035,0,1672,363,0,0,
n-propylbenzene,,,,2023,0,2023,0,0,0,
Chlorsulfuron,,,,1957,0,1937,12,0,0,
Chloroethene (vinylchloride),,,,1946,0,1807,138,0,0,
Demeton-S-methyl,,,,1922,0,1445,477,0,0,
Fenchlorphos,,,,1857,0,1857,0,0,0,
Bromoxynil,,,,1851,0,1707,142,0,0,
Methiocarb,,,,1849,0,1849,0,0,0,
"1,3,5-trimethylbenzene",,,,1842,0,1842,0,0,0,
"1,1,1,2-tetrachloroethane",,,,1838,0,1838,0,0,0,
Metazachlor ESA,,,,1800,0,665,0,0,0,
Benfluralin,,,,1761,0,1431,330,0,0,
Sebuthylazine,,,,1754,0,1644,109,0,0,
sec-butylbenzene,,,,1682,0,1682,0,0,0,
Pentabromodiphenylether,,,,1676,0,1163,99,0,0,
n-butylbenzene,,,,1676,0,1676,0,0,0,
Carbamazepin,,,,1644,1644,891,7,0,0,0.00
Clarithromycin,,,,1617,1617,1438,2,113,633,39.15
Dibutyltin,,,,1614,0,1325,187,0,0,
Trichlorofluoromethane,,,,1589,0,1534,55,0,0,
Ibuprofen,,,,1584,1584,1125,0,0,104,6.57
"2,4,6-trichlorophenol",,,,1568,0,1412,156,0,0,
EDTA,,,,1565,0,628,12,0,0,
"2,4,5-trichlorophenol",,,,1560,0,1430,130,0,0,
4-methyl-phenol,,,,1548,0,1548,0,0,0,
NTA,,,,1548,0,1295,0,0,0,
Pyridate,,,,1525,0,1390,128,0,0,
Metazachlor OA,,,,1505,0,798,0,0,0,
"4-nonylphenol, branched",,,,1494,0,1283,20,0,0,
"1,2,4-trimethylbenzene",,,,1467,0,1467,0,0,0,
"PCB 118 (2,3’,4,4’,5-pentachlorobiphenyl)",,,,1432,0,1171,148,0,0,
4-Isopropylaniline,,,,1409,0,1409,0,0,0,
"2,3,4,5-tetrachlorophenol",,,,1396,0,1396,0,0,0,
Erythromycin,,,,1374,1374,1368,0,91,99,7.21
Nicosulfuron,,,,1360,1360,1348,0,1204,1311,96.40
Musk xylene,,,,1349,0,1349,0,0,0,
2-methyl-phenol,,,,1318,0,1318,0,0,0,
2-naphthol,,,,1317,0,1292,25,0,0,
"1,3-dichloropropane",,,,1299,0,1299,0,0,0,
"1,1-dichloropropene",,,,1289,0,1289,0,0,0,
Chloridazon methyl desphenyl,,,,1285,0,902,0,0,0,
Triclosan,,,,1278,1278,1274,0,328,1116,87.32
4-isopropyltoluene,,,,1263,0,1263,0,0,0,
Quintozene,,,,1257,0,1126,124,0,0,
tert-butylbenzene,,,,1249,0,1249,0,0,0,
Chlordecone (Kepone),,,,1245,0,1059,179,0,0,
"PCB 28 (2,4,4’-trichlorobiphenyl)",,,,1243,0,1114,81,0,0,
Bis(pentabromophenyl) ether,,,,1239,0,1023,44,0,0,
Thiabendazole,,,,1221,0,1217,0,0,0,
Azitromycin,,,,1214,1214,1119,0,926,1195,98.43
Fluquinconazole,,,,1211,0,1099,102,0,0,
Fluorine,,,,1195,0,206,236,0,0,
Diethyltoluamide (DEET),,,,1185,0,1037,0,0,0,
Deltamethrin,,,,1125,1125,1125,0,1125,1125,100.00
Azinphos-methyl,,,,1124,0,1124,0,0,0,
"2,3,4,6-tetrachlorophenol",,,,1118,0,1118,0,0,0,
Sulfamethoxazol,,,,1104,0,934,1,0,0,
Bifenthrin,,,,1100,1100,1100,0,1100,1100,100.00
Esfenvalerate,,,,1098,1098,1098,0,1098,1098,100.00
Deisopropyldeethylatrazine,,,,1068,0,1049,10,0,0,
"1,2,3-trichloropropane",,,,1066,0,1066,0,0,0,
Iodofenphos,,,,1052,0,944,108,0,0,
Free cyanide,,,,1040,0,756,2,0,0,
Ioxynil,,,,1031,0,818,212,0,0,
"1,2,5,6,9,10-hexabromocyclododecane",,,,1028,0,1028,0,0,0,
Bromochloromethane,,,,1019,0,1019,0,0,0,
Octabromodiphenyl ether,,,,1001,0,818,24,0,0,
Monolinuron,,,,994,0,994,0,0,0,
"2,2-dichloropropane",,,,959,0,959,0,0,0,
Benzotriazol,,,,954,0,299,3,0,0,
Fonofos,,,,946,0,946,0,0,0,
Chloridazon desphenyl,,,,943,0,698,0,0,0,
Captan,,,,942,0,883,59,0,0,
Bromophos,,,,931,0,931,0,0,0,
"PCB 52 (2,2’,5,5’-tetrachlorobiphenyl)",,,,929,0,785,77,0,0,
"PCB 153 (2,2’,4,4’,5,5’-hexachlorobiphenyl)",,,,928,0,746,79,0,0,
"PCB 138 (2,2’,3,4,4’,5’-hexachlorobiphenyl)",,,,928,0,760,65,0,0,
M-xylene,,,,926,0,907,0,0,0,
"2,6-dichlorophenol",,,,920,0,871,49,0,0,
Methidathion,,,,899,0,899,0,0,0,
Dibutylphthalate,,,,887,0,637,196,0,0,
"PCB 101 (2,2’,4,5,5’-pentachlorobiphenyl)",,,,881,0,719,74,0,0,
"1,2-dibromo-3-chloropropane",,,,881,0,881,0,0,0,
Secchi depth,,,,858,0,0,843,0,0,
Dibromomethane,,,,845,0,845,0,0,0,
"PCB 126 (3,3’,4,4’,5-pentachlorobiphenyl)",,,,844,0,799,45,0,0,
Trimethoprim,,,,840,0,800,1,0,0,
Isobenzane,,,,825,0,825,0,0,0,
2-methylnaphthalene,,,,797,0,686,87,0,0,
"2,4-dinitrotoluene",,,,796,0,796,0,0,0,
"2,4-DB",,,,783,0,781,0,0,0,
Terbufos,,,,782,0,715,67,0,0,
Silicon,,,,779,0,5,0,0,0,
"1,2-dichloroethene",,,,748,0,596,146,0,0,
Metoxuron,,,,739,0,739,0,0,0,
Metobromuron,,,,739,0,739,0,0,0,
Prochloraz,,,,726,0,726,0,0,0,
Thifensulfuron-methyl,,,,724,0,724,0,0,0,
BDE 183  (Heptabromodiphenylether),,,,719,0,711,0,0,0,
Caffeine,,,,714,0,604,4,0,0,
Methomyl,,,,712,0,555,157,0,0,
Perfluorotridecanoic acid (PFTrDA),,,,710,0,710,0,0,0,
Nonadecafluorodecanoic acid,,,,710,0,710,0,0,0,
Perfluorodecanesulfonate (PFDS),,,,710,0,710,0,0,0,
Perfluorohexane-1-sulphonic acid,,,,710,0,701,0,0,0,
Perfluoropentanesulfonic acid (PFPeS),,,,710,0,710,0,0,0,
Perfluoro dodecanoic acid,,,,710,0,710,0,0,0,
Perfluorobutane sulfonic acid,,,,710,0,693,0,0,0,
Perfluoroheptanoic acid,,,,710,0,698,0,0,0,
Perfluoroheptanesulfonic acid (PFHpS),,,,710,0,710,0,0,0,
Perfluorononanoic acid,,,,710,0,706,0,0,0,
Perfluoro undecanoic acid,,,,710,0,710,0,0,0,
2-Ethylhexyl 4-methoxycinnamate,,,,708,0,700,0,0,0,
Naproxen,,,,688,0,627,2,0,0,
Atenolol,,,,688,0,670,3,0,0,
Perfluorononanesulfonic acid (PFNS),,,,676,0,676,0,0,0,
Perfluorotridecanesulfonic acid (PFTrDS),,,,676,0,676,0,0,0,
Perfluorodecane sulfonic acid (PFDoDS),,,,676,0,676,0,0,0,
Perfluoroundecanesulfonic acid (PFUnDS),,,,676,0,676,0,0,0,
Prosulfocarb,,,,671,0,669,0,0,0,
Metoprolol,,,,669,0,430,4,0,0,
Chlorine Cl-,,,,665,0,8,153,0,0,
"PCB 180 (2,2’,3,4,4’,5,5’-heptachlorobiphenyl)",,,,663,0,599,64,0,0,
Hydroxysimazine,,,,658,0,600,57,0,0,
Simetryn,,,,651,0,651,0,0,0,
Dichlorprop-P,,,,625,0,606,19,0,0,
Polychlorinated biphenyls,,,,623,0,38,556,0,0,
"2,4-dichlorophenol",,,,607,0,439,161,0,0,
Dichlorodifluoromethane,,,,593,0,593,0,0,0,
Tebufenozide,,,,592,0,484,108,0,0,
"PCB 209 (5,5’,6,6’-decachlorobiphenyl)",,,,590,0,554,36,0,0,
Heptachlor Epoxide A,,,,581,0,581,0,0,0,
"2,6-Ditert-butyl-4-methylphenol",,,,564,0,563,0,0,0,
Mirex,,,,550,0,502,48,0,0,
"BDE 85 (2,2’,3,4,4’-pentabromodiphenyl ether)",,,,534,0,499,34,0,0,
MTBE,,,,511,0,482,16,0,0,
Chlorite,,,,511,0,509,0,0,0,
Bromate,,,,511,0,511,0,0,0,
Mecoprop-P (MCPP-P),,,,502,0,502,0,0,0,
Metconazole,,,,490,0,489,0,0,0,
Spinosad,,,,490,0,490,0,0,0,
Dimethyl phthalate,,,,467,0,464,3,0,0,
Bromomethane,,,,461,0,455,6,0,0,
Titanium,,,,429,0,237,89,0,0,
Chlorthiamid,,,,415,0,307,108,0,0,
Butyl benzyl phthalate (BBP),,,,409,0,320,80,0,0,
Chromium trioxide (CrO3),,,,401,0,325,20,0,0,
Amoxicillin,,,,387,0,382,0,0,0,
"PCB 194 (1,2,3,4-tetrachloro-5-(2,3,4,5-tetrachlorophenyl)benzene)",,,,371,0,368,3,0,0,
"BDE 138 (2,2’,3,4,4’,5’-hexabromodiphenyl ether)",,,,368,0,334,34,0,0,
"PCB 169 (3,3’,4,4’,5,5’-hexachlorobiphenyl)",,,,364,0,344,20,0,0,
Thiram,,,,358,0,358,0,0,0,
"PCB 77 (3,3’,4,4’-tetrachlorobiphenyl)",,,,358,0,333,25,0,0,
Metsulfuronmethyl,,,,352,0,350,2,0,0,
Terbumeton-Desethyl,,,,350,0,349,0,0,0,
Imidacloprid (Watch list only alternative code),,,,346,346,320,0,99,206,59.54
Hexabromocyclododecanes (HBCDD),,,,344,0,336,0,0,0,
P-xylene,,,,344,0,344,0,0,0,
Paraoxon,,,,341,0,341,0,0,0,
3-methyl-4-chlorophenol,,,,336,0,336,0,0,0,
Diclofop,,,,334,0,333,0,0,0,
Fenazaquin,,,,320,0,319,1,0,0,
"Brominated diphenylethers (congener numbers 28, 47, 99, 100, 153 and 154)",,,,318,0,318,0,0,0,
Di-ethyl phthalate,,,,316,0,310,6,0,0,
Bromoxynil octanoate,,,,316,0,315,1,0,0,
Dimoxystrobin,,,,312,0,312,0,0,0,
"Octylphenols (CAS 1806-26-4) including isomer 4-(1,1',3,3'-tetramethylbutyl)-phenol (CAS 140-66-9)",,,,309,0,302,0,0,0,
Desamino-diketo-metribuzin,,,,304,0,304,0,0,0,
O-desmethylvenlafaxine,,,,301,0,154,0,0,0,
Chromium (III),,,,289,0,195,94,0,0,
"Total PAHs (Benzo(a)pyrene, Benzo(b)fluoranthene, Benzo(k)fluoranthene, Benzo(ghi)perylene, Indeno(1,2,3-cd)pyrene)",,,,269,0,266,0,0,0,
Desmedipham,,,,268,0,268,0,0,0,
Methabenzthiazuron,,,,258,0,258,0,0,0,
Flufenacet,,,,251,0,250,0,0,0,
"1,3-dichloropropene",,,,236,0,167,69,0,0,
1-methylnaphthalene,,,,233,0,221,10,0,0,
Venlafaxine,,,,232,0,163,0,0,0,
Dinoseb,,,,231,0,231,0,0,0,
Sulcotrione,,,,220,0,220,0,0,0,
Nonylphenol,,,,220,0,219,0,0,0,
Nitrophen,,,,217,0,216,1,0,0,
Ciprofloxacin,,,,216,0,182,0,0,0,
Fluconazole,,,,216,0,182,0,0,0,
Alkalinity,,,,208,0,3,0,0,0,
Estrone (E1),,,,205,205,169,0,95,187,91.22
4-chloro-2-methylphenol,,,,203,0,189,14,0,0,
Tetraconazole,,,,197,0,197,0,0,0,
17beta-estradiol (E2),,,,194,194,194,0,176,176,90.72
17alpha-ethinylestradiol (EE2),,,,194,194,194,0,176,176,90.72
Dimethenamid,,,,186,0,186,0,0,0,
Picolinafen,,,,181,0,181,0,0,0,
"Naphthalene, chloro derivatives",,,,177,0,74,90,0,0,
Famoxadone,,,,177,0,177,0,0,0,
Ipconazole,,,,176,0,170,0,0,0,
Penconazole,,,,176,0,176,0,0,0,
Miconazole,,,,174,0,173,0,0,0,
Clotrimazole,,,,174,0,173,0,0,0,
Bezafibrate,,,,173,0,171,2,0,0,
Chloroacetic acid,,,,170,0,170,0,0,0,
Hexachloroethane,,,,169,0,169,0,0,0,
Bromopho-Ethyl,,,,169,0,169,0,0,0,
Tributyltin compounds,,,,164,0,164,0,0,0,
"1,1,1,3-tetrachloropropane",,,,161,0,161,0,0,0,
Tolyltriazole,,,,160,0,160,0,0,0,
Dichlophenthion,,,,156,0,156,0,0,0,
Disulfoton,,,,155,0,155,0,0,0,
Fenbutatin oxide,,,,150,0,150,0,0,0,
Trichloroacetic acid,,,,149,0,136,12,0,0,
Triazophos,,,,148,0,148,0,0,0,
Hydrocarbons,,,,146,0,80,66,0,0,
Quizalofop,,,,146,0,146,0,0,0,
Epichlorohydrin,,,,144,0,144,0,0,0,
Acrylamide,,,,142,0,141,0,0,0,
Pentabromoethylbenzene,,,,142,0,45,70,0,0,
Dichloroacetic acid,,,,137,0,136,0,0,0,
Phoxim,,,,133,0,133,0,0,0,
Diketo-metribuzin,,,,126,0,126,0,0,0,
Demeton-S-methylsulfon,,,,126,0,93,33,0,0,
Turbidity,,,,122,0,2,0,0,0,
2-chloroethylphosphonic acid,,,,120,0,120,0,0,0,
Aminotriazole,,,,119,0,119,0,0,0,
Fluroxypyr,,,,119,0,119,0,0,0,
Microcystin,,,,102,0,102,0,0,0,
3-hydroxycarbofuran,,,,99,0,99,0,0,0,
Sulfosulfuron,,,,99,0,99,0,0,0,
"2,6-dichlorobenzoic acid",,,,96,0,96,0,0,0,
"PCB 157 (2,3,3’,4,4’,5’-hexachlorobiphenyl)",,,,95,0,33,62,0,0,
"Total DDD (DDD, o,p' + DDD, p,p')",,,,92,0,58,34,0,0,
Ziram,,,,92,0,91,1,0,0,
Nitrophenol,,,,89,0,89,0,0,0,
Phosphorothioic acid,,,,88,0,88,0,0,0,
Nitrobenzene,,,,86,0,86,0,0,0,
Fenoprop,,,,84,0,84,0,0,0,
Carbaryl,,,,81,0,81,0,0,0,
Total cyclodiene pesticides (aldrin + dieldrin + endrin + isodrin),,,,76,0,76,0,0,0,
"Polychlorinated biphenyls(7 PCB: 28,52,101,118,138,153,180)",,,,73,0,43,29,0,0,
Dipropyl phthalate,,,,73,0,73,0,0,0,
Dipentyl phthalate,,,,73,0,73,0,0,0,
Atraton,,,,72,0,72,0,0,0,
Oxamyl,,,,72,0,72,0,0,0,
Benfuracarb,,,,72,0,72,0,0,0,
Formaldehyde,,,,68,0,63,2,0,0,
Total trihalomethanes,,,,68,0,68,0,0,0,
Heptachlor and heptachlor epoxide,,,,67,0,67,0,0,0,
Piperonyl butoxide,,,,67,0,67,0,0,0,
Lithium,,,,65,0,18,14,0,0,
"PCB 156 (2,3,3’,4,4’,5-hexachlorobiphenyl)",,,,64,0,44,20,0,0,
Total phytoplankton biomass,,,,63,0,0,63,0,0,
"PCB 105 (2,3,3’,4,4’-pentachlorobiphenyl)",,,,60,0,33,27,0,0,
Mono basic phenols,,,,59,0,59,0,0,0,
4-bromophenyl phenyl ether,,,,57,0,26,31,0,0,
Oil fractions (C10-40),,,,54,0,54,0,0,0,
"TCDD (2,3,7,8-tetrachlorodibenzo-p-dioxin)",,,,53,0,17,36,0,0,
trans-Nonachlor,,,,52,0,33,12,0,0,
Cymoxanil,,,,52,0,52,0,0,0,
Surfactants (anionic),,,,51,0,49,1,0,0,
Cyanobacteria proportion,,,,48,0,0,48,0,0,
Hexabromobiphenyl,,,,45,0,45,0,0,0,
1-chloro-2-nitrobenzene,,,,43,0,43,0,0,0,
Metaflumizone,,,,42,0,42,0,0,0,
1-chloro-4-nitrobenzene,,,,42,0,42,0,0,0,
Dichlorophenol,,,,40,0,40,0,0,0,
Fipronil,,,,40,0,36,0,0,0,
"PCB 81 (3,4,4',5-tetrachlorobiphenyl)",,,,39,0,39,0,0,0,
Hexachlorocyclopentadiene (HCCP),,,,37,0,37,0,0,0,
Triphenyltin and compounds,,,,37,0,36,0,0,0,
Fludioxonil,,,,37,0,35,0,0,0,
Pentachloroanisole,,,,36,0,17,12,0,0,
Total dioxins and furans (PCDD + PCDF),,,,36,0,0,36,0,0,
Diflubenzuron,,,,36,0,36,0,0,0,
Azoxystrobin,,,,35,0,29,0,0,0,
Aniline,,,,33,0,29,0,0,0,
"PCB 114 (2,3,4,4',5-pentachlorobiphenyl)",,,,33,0,33,0,0,0,
"PCB 167 (1,2,3-trichloro-5-(2,4,5-trichlorophenyl)benzene)",,,,33,0,33,0,0,0,
"PCB 189 (1,2,3,4-tetrachloro-5-(3,4,5-trichlorophenyl)benzene)",,,,33,0,33,0,0,0,
"PCB 123 (1,2,3-trichloro-5-(2,4-dichlorophenyl)benzene)",,,,33,0,33,0,0,0,
Chlorthal-dimethyl,,,,30,0,30,0,0,0,
Boscalid,,,,30,0,28,0,0,0,
Bromide,,,,27,0,12,1,0,0,
"2,4,6-tri-tert-butylphenol",,,,25,0,6,0,0,0,
"1,3,5,7,9,11-hexabromocyclododecane",,,,23,0,16,0,0,0,
Teradifon,,,,22,0,22,0,0,0,
Chlorpropham,,,,21,0,21,0,0,0,
Pyridaben,,,,21,0,21,0,0,0,
Propetamphos,,,,20,0,20,0,0,0,
Cyproconazole,,,,20,0,20,0,0,0,
Kresoxim-methyl,,,,20,0,20,0,0,0,
Lambda-Cyhalothrin,,,,20,0,20,0,0,0,
Metformin,,,,19,0,2,0,0,0,
Oxybenzone,,,,19,0,19,0,0,0,
Guanylurea,,,,19,0,7,0,0,0,
Avobenzone,,,,19,0,19,0,0,0,
Clindamycin,,,,19,0,9,0,0,0,
Ofloxacin,,,,19,0,0,0,0,0,
Octocrylene,,,,19,0,19,0,0,0,
Tritium,,,,18,0,7,0,0,0,
Dalapon,,,,17,0,17,0,0,0,
Dinitro-o-cresol (DNOC),,,,16,0,15,0,0,0,
Cyfluthrin,,,,16,0,16,0,0,0,
Buprofezin,,,,16,0,16,0,0,0,
Fluroxypyr-meptyl,,,,16,0,16,0,0,0,
Flusilazole,,,,16,0,16,0,0,0,
Methylparaoxon,,,,16,0,16,0,0,0,
Chlorothalonil,,,,16,0,16,0,0,0,
Trichloronate,,,,16,0,16,0,0,0,
Iprovalicarb,,,,16,0,16,0,0,0,
cis-Nonachlor,,,,16,0,16,0,0,0,
Prothiofos,,,,16,0,16,0,0,0,
Vinclozolin,,,,16,0,16,0,0,0,
Glufosinate,,,,16,0,16,0,0,0,
Trichlorfon,,,,16,0,16,0,0,0,
Coumaphos,,,,16,0,16,0,0,0,
Dimethomorph,,,,16,0,16,0,0,0,
Sulprofos,,,,16,0,16,0,0,0,
Propanil,,,,16,0,16,0,0,0,
Folpet,,,,16,0,16,0,0,0,
Bromopropylate,,,,16,0,16,0,0,0,
Benalaxyl,,,,16,0,16,0,0,0,
EPTC,,,,16,0,16,0,0,0,
Phorate,,,,16,0,16,0,0,0,
Quizalofop-Ethyl,,,,16,0,16,0,0,0,
Malaoxon,,,,16,0,16,0,0,0,
Fensulfothion,,,,16,0,16,0,0,0,
Aldicarb,,,,16,0,16,0,0,0,
Bronopol,,,,14,0,14,0,0,0,
"2,4,6-trinitrotoluene",,,,14,0,14,0,0,0,
Difenoconazole,,,,12,0,12,0,0,0,
Toxaphene,,,,10,0,10,0,0,0,
Cyanobacteria biomass,,,,9,0,0,9,0,0,
"1,4-dioxane",,,,9,0,9,0,0,0,
Cyprodinil,,,,9,0,9,0,0,0,
Metalaxyl-M,,,,8,0,2,5,0,0,
Methylbenzotriazol,,,,6,0,3,3,0,0,
Propachlor,,,,6,0,6,0,0,0,
2-chloroaniline,,,,6,0,6,0,0,0,
Benzo[e]pyrene,,,,6,0,6,0,0,0,
Biphenyl,,,,5,0,5,0,0,0,
Fenbuconazole,,,,5,0,5,0,0,0,
Perylene,,,,5,0,5,0,0,0,
TAME,,,,4,0,4,0,0,0,
Diclofenac sodium,,,,4,4,1,0,0,0,0.00
Benzosulfonazole,,,,3,0,2,0,0,0,
Monobutyltin,,,,3,0,3,0,0,0,
Ethylenethiourea (ETU),,,,2,0,0,2,0,0,
Extractable organically bound chlorine,,,,2,0,2,0,0,0,
Perfluorotetradecanoic acid (PFTeDA),,,,2,0,2,0,0,0,
6:2 Fluorotelomer alcohol (6:2 FTOH),,,,2,0,2,0,0,0,
"Ammonium 4,8-dioxa-3H-perfluorononanoate",,,,2,0,2,0,0,0,
8:2 Fluorotelomer alcohol (8:2 FTOH),,,,2,0,2,0,0,0,
Perfluorooctadecanoic acid (PFOcDA),,,,2,0,2,0,0,0,
Ammonium perfluoro (2-methyl-3-oxahexanoate) (HFPO-DA),,,,2,0,2,0,0,0,
Perfluorohexadecanoic acid (PFHxDA),,,,2,0,2,0,0,0,
"4,4`-dichlorobenzophenone",,,,2,0,2,0,0,0,
Hydrogen sulphide,,,,1,0,1,0,0,0,
2-chlorophenol,,,,1,0,1,0,0,0,
2-methylthiobenzothiazole,,,,1,0,1,0,0,0,
