seg_id,arc_id,from_node,to_node,wtr_id,strahler,length_km,geom_length_m,area_km2,catch_id,carea_km2,on_main_stem
S-01,3,1,6,W-23,1,2.96206890143,2962.1,1710.425625,C-01,12.221875,False
S-02,4,2,7,W-23,1,2.22316017178,2223.2,1710.425625,C-02,10.28625,False
S-03,2,3,6,W-23,1,1.9956475452,1995.6,1710.425625,C-03,8.130625,False
S-04,1,4,5,W-23,1,0.711764068712,711.8,1710.425625,C-04,5.649375,False
S-05,8,5,9,W-23,2,4.69913780286,4699.1,1710.425625,C-05,8.704375,False
S-06,7,6,9,W-23,2,1.53461940777,1534.6,1710.425625,C-06,1.065625,False
S-07,5,7,5,W-23,2,2.55208152802,2552.1,1710.425625,C-07,3.8275,False
S-08,6,8,7,W-23,1,1.26176406871,1261.8,1710.425625,C-08,8.0425,False
S-09,10,9,11,W-23,3,2.20385822331,2203.9,1710.425625,C-09,2.916875,False
S-10,18,12,21,W-23,1,18.8173250225,18817.3,1710.425625,C-10,59.823125,False
S-100,108,99,131,W-11,1,5.06310966544,5063.1,650.109375,C-100,10.83375,False
S-101,104,100,126,W-23,3,3.89484848098,3894.8,1710.425625,C-101,14.083125,False
S-102,103,101,124,W-15,1,4.5150387771,4515.0,259.039375,C-102,15.866875,False
S-103,87,105,104,W-23,1,0.509987373415,510.0,1710.425625,C-103,6.6325,False
S-104,99,102,121,W-11,2,2.82708152802,2827.1,650.109375,C-104,3.616875,False
S-105,123,104,145,W-23,2,6.91053390593,6910.5,1710.425625,C-105,16.223125,False
S-106,112,106,133,W-23,1,5.39950576851,5399.5,1710.425625,C-106,10.3325,False
S-107,90,107,109,W-11,1,1.06871843354,1068.7,650.109375,C-107,6.6575,False
S-108,96,109,116,W-11,2,1.51139610307,1511.4,650.109375,C-108,0.76625,False
S-109,107,110,131,W-11,1,3.8604446225,3860.4,650.109375,C-109,10.445625,False
S-11,9,10,11,W-23,1,0.456586399182,456.6,1710.425625,C-11,7.595,False
S-110,120,111,142,W-21,3,6.86659992311,6866.6,737.116875,C-110,20.998125,False
S-111,125,112,146,W-23,1,5.50143488017,5501.4,1710.425625,C-111,13.54375,False
S-112,110,113,132,W-11,1,3.28470869121,3284.7,650.109375,C-112,7.68,False
S-113,102,114,124,W-15,1,0.789276695297,789.3,259.039375,C-113,5.67375,False
S-114,128,115,151,W-23,3,5.51954364826,5519.5,1710.425625,C-114,13.360625,False
S-115,109,116,132,W-11,2,2.89705627485,2897.1,650.109375,C-115,6.35375,False
S-116,111,117,133,W-23,1,2.5420941546,2542.1,1710.425625,C-116,10.905,False
S-117,97,118,119,W-07,1,0.278921356237,278.9,314.00125,C-117,8.29625,False
S-118,113,119,134,W-07,2,2.56317279836,2563.2,314.00125,C-118,8.063125,False
S-119,114,120,134,W-07,1,3.98915042945,3989.2,314.00125,C-119,18.281875,False
S-12,12,11,14,W-23,3,2.38063491861,2380.6,1710.425625,C-12,3.204375,False
S-120,303,103,349,W-24,2,35.1032268941,35103.2,457.114375,C-120,59.384375,False
S-121,100,123,121,W-11,2,1.15533008589,1155.3,650.109375,C-121,2.146875,False
S-122,118,121,137,W-11,3,3.73847763109,3738.5,650.109375,C-122,6.668125,False
S-123,101,122,123,W-11,1,0.518566017178,518.6,650.109375,C-123,6.11125,False
S-124,106,128,123,W-11,1,0.528921356237,528.9,650.109375,C-124,6.365625,False
S-125,132,124,154,W-15,2,5.27132034356,5271.3,259.039375,C-125,6.178125,False
S-126,182,125,212,W-23,1,13.3535164082,13353.5,1710.425625,C-126,41.269375,False
S-127,115,126,136,W-23,3,3.02634559673,3026.3,1710.425625,C-127,8.315,False
S-128,135,127,157,W-11,1,5.94270382004,5942.7,650.109375,C-128,17.89125,False
S-129,121,129,143,W-11,1,2.16783008589,2167.8,650.109375,C-129,7.346875,False
S-13,11,13,14,W-23,1,1.17656114601,1176.6,1710.425625,C-13,6.280625,False
S-130,131,130,154,W-15,1,4.03884559673,4038.8,259.039375,C-130,9.62,False
S-131,129,131,152,W-11,2,3.80238636074,3802.4,650.109375,C-131,5.158125,False
S-132,133,132,155,W-11,2,3.74956890143,3749.6,650.109375,C-132,12.09375,False
S-133,127,133,151,W-23,2,3.39099025767,3391.0,1710.425625,C-133,2.514375,False
S-134,137,134,162,W-07,2,4.91807178569,4918.1,314.00125,C-134,9.468125,False
S-135,186,135,215,W-21,1,11.5561814511,11556.2,737.116875,C-135,25.945625,False
S-136,150,136,178,W-23,3,7.23731060123,7237.3,1710.425625,C-136,18.649375,False
S-137,122,137,143,W-11,3,1.95030483272,1950.3,650.109375,C-137,5.141875,False
S-138,177,138,209,W-23,1,9.97376983722,9973.8,1710.425625,C-138,18.97,False
S-139,141,139,165,W-21,1,3.95777957955,3957.8,737.116875,C-139,8.921875,False
S-14,13,14,16,W-23,3,1.52604076401,1526.0,1710.425625,C-14,1.385,False
S-140,134,140,155,W-11,1,2.22922618896,2229.2,650.109375,C-140,9.975,False
S-141,124,141,145,W-23,1,0.945342712475,945.3,1710.425625,C-141,5.956875,False
S-142,196,142,220,W-21,3,11.4461940777,11446.2,737.116875,C-142,42.5775,False
S-143,130,143,152,W-11,3,3.55667568262,3556.7,650.109375,C-143,4.755625,False
S-144,126,144,146,W-23,1,1.73351551084,1733.5,1710.425625,C-144,7.52125,False
S-145,162,145,191,W-23,2,8.54086399182,8540.9,1710.425625,C-145,18.62875,False
S-146,158,146,186,W-23,2,9.74576297914,9745.8,1710.425625,C-146,19.005625,False
S-147,205,147,235,W-23,1,12.2721455583,12272.1,1710.425625,C-147,23.740625,False
S-148,138,149,162,W-07,1,3.89255140368,3892.6,314.00125,C-148,13.89875,False
S-149,147,148,176,W-15,1,4.8336679272,4833.7,259.039375,C-149,10.694375,False
S-15,14,15,16,W-23,1,0.880698051534,880.7,1710.425625,C-15,6.743125,False
S-150,140,150,163,W-17,1,4.28810966544,4288.1,156.23375,C-150,18.116875,False
S-151,160,151,187,W-23,3,6.20593975133,6205.9,1710.425625,C-151,19.084375,False
S-152,146,152,171,W-11,3,4.34809703886,4348.1,650.109375,C-152,5.69,False
S-153,161,153,189,W-06,1,5.80008928344,5800.1,724.775625,C-153,15.2725,False
S-154,288,154,337,W-15,2,26.4011453661,26401.1,259.039375,C-154,42.3075,False
S-155,246,155,292,W-11,2,19.5991901039,19599.2,650.109375,C-155,46.6875,False
S-156,181,156,212,W-23,1,8.31090187158,8310.9,1710.425625,C-156,14.3625,False
S-157,136,158,157,W-11,1,1.28854076401,1288.5,650.109375,C-157,7.0325,False
S-158,145,157,171,W-11,2,2.99350288425,2993.5,650.109375,C-158,2.906875,False
S-159,139,159,163,W-17,1,0.765165042945,765.2,156.23375,C-159,5.570625,False
S-16,15,16,18,W-23,3,1.80104076401,1801.0,1710.425625,C-16,1.655625,False
S-160,149,160,178,W-23,1,3.28100288425,3281.0,1710.425625,C-160,10.754375,False
S-161,142,161,165,W-21,1,0.835875721064,835.9,737.116875,C-161,5.82875,False
S-162,154,162,183,W-07,2,3.57812229203,3578.1,314.00125,C-162,6.951875,False
S-163,143,163,168,W-17,2,1.00961940777,1009.6,156.23375,C-163,0.785,False
S-164,167,165,195,W-21,2,4.56954364826,4569.5,737.116875,C-164,2.169375,False
S-165,192,166,219,W-11,1,7.45780573006,7457.8,650.109375,C-165,11.90375,False
S-166,144,164,168,W-17,1,1.84298250225,1843.0,156.23375,C-166,9.09125,False
S-167,179,167,211,W-11,1,6.36681547239,6366.8,650.109375,C-167,18.59625,False
S-168,165,168,194,W-17,2,4.02205627485,4022.1,156.23375,C-168,8.999375,False
S-169,155,169,184,W-11,1,2.42744949366,2427.4,650.109375,C-169,10.88125,False
S-17,19,17,22,W-23,1,0.799632034356,799.6,1710.425625,C-17,6.0375,False
S-170,152,170,179,W-24,1,1.73173881554,1731.7,457.114375,C-170,7.53125,False
S-171,334,171,381,W-11,3,28.4986327395,28498.6,650.109375,C-171,58.965,False
S-172,148,172,176,W-15,1,0.91783008589,917.8,259.039375,C-172,5.685,False
S-173,203,173,234,W-21,1,8.20069894888,8200.7,737.116875,C-173,11.831875,False
S-174,175,174,208,W-06,1,4.66399801309,4664.0,724.775625,C-174,8.91875,False
S-175,156,175,184,W-11,1,2.13529220614,2135.3,650.109375,C-175,8.273125,False
S-176,301,176,347,W-15,2,22.09698231,22097.0,259.039375,C-176,32.56875,False
S-177,163,177,191,W-23,1,2.48277957955,2482.8,1710.425625,C-177,7.281875,False
S-178,157,178,186,W-23,3,1.00961940777,1009.6,1710.425625,C-178,1.75875,False
S-179,240,179,287,W-24,2,13.6464989104,13646.5,457.114375,C-179,23.0075,False
S-18,16,19,18,W-23,1,0.243566017178,243.6,1710.425625,C-18,5.834375,False
S-180,153,180,183,W-07,1,0.464276695297,464.3,314.00125,C-180,5.643125,False
S-181,159,182,187,W-23,1,1.0522970773,1052.3,1710.425625,C-181,6.860625,False
S-182,275,183,327,W-07,2,19.7570328164,19757.0,314.00125,C-182,42.890625,False
S-183,171,184,201,W-11,2,2.34068542495,2340.7,650.109375,C-183,4.424375,False
S-184,166,185,194,W-17,1,1.9188708499,1918.9,156.23375,C-184,8.7075,False
S-185,308,186,352,W-23,3,23.2508405333,23250.8,1710.425625,C-185,70.478125,False
S-186,191,187,218,W-23,3,3.3331475452,3333.1,1710.425625,C-186,5.585,False
S-187,189,188,216,W-06,1,3.68041936933,3680.4,724.775625,C-187,10.6425,False
S-188,164,181,189,W-06,1,2.83795724908,2838.0,724.775625,C-188,10.83625,False
S-189,174,190,208,W-06,1,2.24889610307,2248.9,724.775625,C-189,10.840625,False
S-19,17,18,21,W-23,3,0.507842712475,507.8,1710.425625,C-19,0.180625,False
S-190,233,191,276,W-23,2,10.4929455198,10492.9,1710.425625,C-190,25.52,False
S-191,242,192,289,W-23,1,12.1190494168,12119.0,1710.425625,C-191,27.88875,False
S-192,168,193,195,W-21,1,0.244454364826,244.5,737.116875,C-192,5.44,False
S-193,170,194,200,W-17,2,1.37781745931,1377.8,156.23375,C-193,1.0825,False
S-194,187,195,215,W-21,2,2.61243686708,2612.4,737.116875,C-194,3.581875,False
S-195,193,196,219,W-11,1,3.48633297014,3486.3,650.109375,C-195,12.08375,False
S-196,172,197,201,W-11,1,1.33336309448,1333.4,650.109375,C-196,6.291875,False
S-197,169,198,200,W-17,1,0.378921356237,378.9,156.23375,C-197,5.465625,False
S-198,185,203,207,W-11,1,4.07775432638,4077.8,650.109375,C-198,13.44375,False
S-199,183,189,213,W-06,2,3.9877416998,3987.7,724.775625,C-199,6.38375,False
S-20,20,20,22,W-23,1,0.489276695297,489.3,1710.425625,C-20,5.565,False
S-200,226,200,269,W-17,2,8.09766594029,8097.7,156.23375,C-200,12.661875,False
S-201,173,201,204,W-11,2,0.156066017178,156.1,650.109375,C-201,0.03625,False
S-202,176,202,209,W-23,1,0.499632034356,499.6,1710.425625,C-202,5.47125,False
S-203,180,204,211,W-11,3,0.809619407771,809.6,650.109375,C-203,0.375,False
S-204,204,205,234,W-21,1,4.05704364826,4057.0,737.116875,C-204,12.0475,False
S-205,178,207,204,W-11,2,2.22101551084,2221.0,650.109375,C-205,5.485625,False
S-206,184,208,213,W-06,2,0.341421356237,341.4,724.775625,C-206,0.12125,False
S-207,206,209,235,W-23,2,3.58063491861,3580.6,1710.425625,C-207,3.03125,False
S-208,188,210,216,W-06,1,0.710875721064,710.9,724.775625,C-208,5.815,False
S-209,261,211,309,W-11,3,12.1676406871,12167.6,650.109375,C-209,27.13125,False
S-21,23,21,31,W-23,3,4.38951839509,4389.5,1710.425625,C-21,15.545,False
S-210,251,212,297,W-23,2,10.4269552622,10427.0,1710.425625,C-210,11.8375,False
S-211,217,206,256,W-04,1,6.44255140368,6442.6,646.183125,C-211,23.853125,False
S-212,190,214,218,W-23,1,0.646231060123,646.2,1710.425625,C-212,7.558125,False
S-213,254,215,298,W-21,2,11.1961940777,11196.2,737.116875,C-213,22.258125,False
S-214,200,217,229,W-24,1,1.84031745931,1840.3,457.114375,C-214,6.515,False
S-215,249,218,295,W-23,3,12.0043416229,12004.3,1710.425625,C-215,19.44625,False
S-216,194,219,207,W-11,2,3.47812229203,3478.1,650.109375,C-216,8.0125,False
S-217,198,213,225,W-06,3,3.84632034356,3846.3,724.775625,C-217,8.23625,False
S-218,195,199,220,W-21,1,2.80349025767,2803.5,737.116875,C-218,6.64,False
S-219,224,220,267,W-21,3,6.23020382004,6230.2,737.116875,C-219,21.056875,False
S-22,24,22,31,W-23,2,3.98345237792,3983.5,1710.425625,C-22,5.6525,False
S-220,207,221,237,W-04,1,2.40762716319,2407.6,646.183125,C-220,11.149375,False
S-221,197,216,225,W-06,2,1.5045941546,1504.6,724.775625,C-221,0.716875,False
S-222,238,222,282,W-23,1,7.34359216769,7343.6,1710.425625,C-222,11.355,False
S-223,202,223,231,W-06,1,1.38676406871,1386.8,724.775625,C-223,10.15125,False
S-224,287,224,337,W-15,1,13.6212572106,13621.3,259.039375,C-224,17.189375,False
S-225,201,225,231,W-06,3,5.6905591591,5690.6,724.775625,C-225,21.84,False
S-226,199,226,229,W-24,1,0.66265241636,662.7,457.114375,C-226,6.105,False
S-227,283,227,333,W-07,1,13.4242270863,13424.2,314.00125,C-227,18.29625,False
S-228,232,228,276,W-23,1,5.72450576851,5724.5,1710.425625,C-228,14.04875,False
S-229,260,229,308,W-24,2,11.0772600949,11077.3,457.114375,C-229,17.89375,False
S-23,27,23,35,W-23,1,4.28130771697,4281.3,1710.425625,C-23,13.145625,False
S-230,302,230,347,W-15,1,16.1921464556,16192.1,259.039375,C-230,29.915,False
S-231,210,231,244,W-06,3,2.50208152802,2502.1,724.775625,C-231,6.641875,False
S-232,216,232,249,W-21,1,1.95925144213,1959.3,737.116875,C-232,6.733125,False
S-233,212,233,245,W-06,1,2.21798250225,2218.0,724.775625,C-233,10.678125,False
S-234,236,234,279,W-21,2,5.22916305603,5229.2,737.116875,C-234,8.856875,False
S-235,215,236,249,W-21,1,1.48854076401,1488.5,737.116875,C-235,7.42875,False
S-236,218,237,256,W-04,2,5.6691125497,5669.1,646.183125,C-236,9.73375,False
S-237,208,241,237,W-04,1,2.06369318037,2063.7,646.183125,C-237,11.561875,False
S-238,237,235,282,W-23,2,5.53167568262,5531.7,1710.425625,C-238,6.024375,False
S-239,349,239,395,W-09,1,19.5961570953,19596.2,125.144375,C-239,32.710625,False
S-24,29,24,38,W-23,1,3.94313491861,3943.1,1710.425625,C-24,9.88,False
S-240,209,238,242,W-06,1,3.30008928344,3300.1,724.775625,C-240,13.655,False
S-241,263,240,315,W-04,1,15.1986697219,15198.7,646.183125,C-241,37.24,True
S-242,213,244,245,W-06,3,3.08921356237,3089.2,724.775625,C-242,10.140625,False
S-243,214,247,242,W-06,1,0.795342712475,795.3,724.775625,C-243,5.625,False
S-244,265,243,317,W-07,1,9.22732322781,9227.3,314.00125,C-244,18.3375,False
S-245,211,242,244,W-06,2,0.499264068712,499.3,724.775625,C-245,0.683125,False
S-246,219,245,257,W-06,3,1.65281745931,1652.8,724.775625,C-246,1.006875,False
S-247,276,246,327,W-07,1,10.4533639918,10453.4,314.00125,C-247,16.50625,False
S-248,252,248,297,W-23,1,6.44861742086,6448.6,1710.425625,C-248,11.33,False
S-249,235,249,279,W-21,2,3.18566017178,3185.7,737.116875,C-249,2.44125,False
S-25,22,25,29,W-23,1,0.879809703886,879.8,1710.425625,C-25,6.506875,False
S-250,244,250,290,W-07,1,4.87953102168,4879.5,314.00125,C-250,9.454375,False
S-251,234,251,275,W-17,1,3.55615530061,3556.2,156.23375,C-251,9.48625,False
S-252,228,252,270,W-06,1,2.07818542495,2078.2,724.775625,C-252,6.928125,False
S-253,295,253,341,W-11,1,10.7146076785,10714.6,650.109375,C-253,13.843125,False
S-254,304,254,349,W-24,1,13.1559027689,13155.9,457.114375,C-254,27.743125,False
S-255,220,255,258,W-06,1,1.16442911166,1164.4,724.775625,C-255,9.648125,False
S-256,256,256,306,W-04,2,8.95403679019,8954.0,646.183125,C-256,12.07875,False
S-257,227,257,270,W-06,3,1.40710678119,1407.1,724.775625,C-257,0.923125,False
S-258,221,259,257,W-06,1,0.526408729653,526.4,724.775625,C-258,5.505625,False
S-259,230,258,271,W-06,2,2.05281745931,2052.8,724.775625,C-259,5.744375,False
S-26,25,26,33,W-23,1,3.20008928344,3200.1,1710.425625,C-26,14.4825,False
S-260,262,260,309,W-11,1,7.22156204336,7221.6,650.109375,C-260,16.4875,False
S-261,247,261,293,W-06,1,3.36960678119,3369.6,724.775625,C-261,8.518125,False
S-262,225,262,269,W-17,1,0.805698051534,805.7,156.23375,C-262,5.955625,False
S-263,222,264,258,W-06,1,1.86798250225,1868.0,724.775625,C-263,15.77375,False
S-264,271,263,323,W-11,1,10.5718668761,10571.9,650.109375,C-264,19.80375,False
S-265,267,265,318,W-04,1,7.45676496606,7456.8,646.183125,C-265,18.950625,False
S-266,223,266,267,W-21,1,0.078033008589,78.0,737.116875,C-266,5.44625,False
S-267,269,267,321,W-21,3,7.58731060123,7587.3,737.116875,C-267,25.63125,False
S-268,285,268,334,W-04,1,9.02585136524,9025.9,646.183125,C-268,15.614375,False
S-269,231,269,275,W-17,2,0.456066017178,456.1,156.23375,C-269,0.194375,False
S-27,21,28,29,W-23,1,0.394454364826,394.5,1710.425625,C-27,6.24375,False
S-270,229,270,271,W-06,3,0.0707106781187,70.7,724.775625,C-270,0.044375,False
S-271,278,271,329,W-06,3,7.58982322781,7589.8,724.775625,C-271,22.1075,False
S-272,250,273,295,W-23,1,3.71562229203,3715.6,1710.425625,C-272,9.3675,False
S-273,243,274,290,W-07,1,2.30318542495,2303.2,314.00125,C-273,6.640625,False
S-274,305,275,350,W-17,2,10.5279960262,10528.0,156.23375,C-274,10.608125,False
S-275,245,277,292,W-11,1,2.2920941546,2292.1,650.109375,C-275,6.26625,False
S-276,291,278,339,W-04,1,8.63516594029,8635.2,646.183125,C-276,25.765,False
S-277,289,279,338,W-21,3,7.87695526217,7877.0,737.116875,C-277,10.174375,False
S-278,241,280,289,W-23,1,1.22640872965,1226.4,1710.425625,C-278,6.625,False
S-279,296,281,342,W-09,1,7.6400387771,7640.0,125.144375,C-279,11.3525,False
S-28,26,27,33,W-23,1,5.40039411616,5400.4,1710.425625,C-28,9.470625,False
S-280,342,282,389,W-23,2,14.3364484041,14336.4,1710.425625,C-280,25.146875,False
S-281,320,283,364,W-15,1,10.5455212793,10545.5,259.039375,C-281,20.188125,False
S-282,272,284,324,W-04,1,5.30201839509,5302.0,646.183125,C-282,13.953125,False
S-283,248,285,293,W-06,1,0.983363094479,983.4,724.775625,C-283,5.765625,False
S-284,309,286,353,W-18,1,8.61163780286,8611.6,100.968125,C-284,19.43125,False
S-285,239,272,287,W-24,1,2.45762716319,2457.6,457.114375,C-285,7.94,False
S-286,259,287,308,W-24,2,2.7563708499,2756.4,457.114375,C-286,3.094375,False
S-287,381,288,426,W-06,1,15.8161056916,15816.1,724.775625,C-287,26.6375,False
S-288,293,289,340,W-23,2,6.56807178569,6568.1,1710.425625,C-288,7.0025,False
S-289,266,290,317,W-07,2,3.95667568262,3956.7,314.00125,C-289,3.645,False
S-29,37,29,49,W-23,2,8.50550865276,8505.5,1710.425625,C-29,25.62375,False
S-290,253,291,298,W-21,1,1.21605339059,1216.1,737.116875,C-290,5.94125,False
S-291,322,292,365,W-11,2,12.4218037432,12421.8,650.109375,C-291,28.1175,False
S-292,352,293,397,W-06,2,13.0939862838,13094.0,724.775625,C-292,28.51,False
S-293,255,294,306,W-04,1,1.77404851943,1774.0,646.183125,C-293,11.498125,False
S-294,361,295,404,W-23,3,13.6043416229,13604.3,1710.425625,C-294,30.31625,False
S-295,258,296,307,W-06,1,1.60496212025,1605.0,724.775625,C-295,6.684375,False
S-296,300,297,346,W-23,2,7.39264068712,7392.6,1710.425625,C-296,9.701875,False
S-297,292,276,340,W-23,2,9.6015241636,9601.5,1710.425625,C-297,20.11875,False
S-298,290,298,338,W-21,2,4.62665042945,4626.7,737.116875,C-298,5.896875,False
S-299,257,299,307,W-06,1,0.814276695297,814.3,724.775625,C-299,5.78,False
S-30,31,31,41,W-23,3,3.59454364826,3594.5,1710.425625,C-30,9.210625,False
S-300,428,300,466,W-06,1,20.6313861685,20631.4,724.775625,C-300,32.925,False
S-301,314,301,359,W-22,1,7.29684072556,7296.8,87.838125,C-301,12.30875,False
S-302,273,302,325,W-04,1,2.64904851943,2649.0,646.183125,C-302,7.304375,False
S-303,264,303,315,W-04,1,3.4104446225,3410.4,646.183125,C-303,10.880625,False
S-304,365,304,406,W-24,1,11.9647600949,11964.8,457.114375,C-304,22.128125,False
S-305,294,305,341,W-11,1,3.89993686708,3899.9,650.109375,C-305,7.733125,False
S-306,327,306,371,W-04,2,8.73553390593,8735.5,646.183125,C-306,21.83875,False
S-307,382,307,426,W-06,2,14.1039105243,14103.9,724.775625,C-307,16.6775,False
S-308,311,308,358,W-24,3,7.13375721064,7133.8,457.114375,C-308,15.195625,False
S-309,270,309,323,W-11,3,2.02352813742,2023.5,650.109375,C-309,6.22,False
S-31,28,36,35,W-23,1,4.05897275992,4059.0,1710.425625,C-31,14.8175,False
S-310,306,310,350,W-17,1,5.09151063967,5091.5,156.23375,C-310,11.178125,False
S-311,362,311,404,W-23,1,10.8465620434,10846.6,1710.425625,C-311,19.171875,False
S-312,280,312,329,W-06,1,3.75290674274,3752.9,724.775625,C-312,8.160625,False
S-313,297,313,342,W-09,1,3.36562229203,3365.6,125.144375,C-313,8.30875,False
S-314,390,314,435,W-06,1,14.593339636,14593.3,724.775625,C-314,31.7725,False
S-315,328,315,371,W-04,2,9.3283008589,9328.3,646.183125,C-315,13.679375,True
S-316,268,316,321,W-21,1,0.671231060123,671.2,737.116875,C-316,5.630625,False
S-317,284,317,333,W-07,2,1.68994949366,1689.9,314.00125,C-317,1.71125,False
S-318,274,318,325,W-04,2,1.59423881554,1594.2,646.183125,C-318,1.1325,False
S-319,277,328,318,W-04,1,1.17478445072,1174.8,646.183125,C-319,7.014375,False
S-32,32,33,41,W-23,2,3.20563491861,3205.6,1710.425625,C-32,3.95375,False
S-320,331,319,375,W-21,1,8.19907466994,8199.1,737.116875,C-320,14.8275,False
S-321,417,320,462,W-23,1,17.5778066274,17577.8,1710.425625,C-321,41.66125,False
S-322,346,321,393,W-21,3,9.56261543395,9562.6,737.116875,C-322,24.909375,False
S-323,363,322,406,W-24,1,9.7742270863,9774.2,457.114375,C-323,20.761875,False
S-324,355,323,399,W-11,3,9.48908729653,9489.1,650.109375,C-324,15.094375,False
S-325,286,324,334,W-04,2,1.87101551084,1871.0,646.183125,C-325,3.13,False
S-326,279,325,330,W-04,2,1.10961940777,1109.6,646.183125,C-326,0.65875,False
S-327,317,327,362,W-07,2,5.52236110757,5522.4,314.00125,C-327,6.230625,False
S-328,315,329,360,W-06,3,4.63847763109,4638.5,724.775625,C-328,13.443125,False
S-329,281,330,324,W-04,2,1.52530483272,1525.3,646.183125,C-329,4.1925,False
S-33,35,30,46,W-21,1,6.71948051534,6719.5,737.116875,C-33,22.22375,False
S-330,461,331,495,W-06,1,21.7861327395,21786.1,724.775625,C-330,39.700625,False
S-331,282,332,330,W-04,1,0.384099025767,384.1,646.183125,C-331,6.27625,False
S-332,318,333,362,W-07,2,4.71629509039,4716.3,314.00125,C-332,8.800625,False
S-333,298,334,339,W-04,2,5.41126983722,5411.3,646.183125,C-333,12.458125,False
S-334,310,336,353,W-18,1,3.2216883092,3221.7,100.968125,C-334,8.15375,False
S-335,321,337,364,W-15,2,4.00312229203,4003.1,259.039375,C-335,4.185,False
S-336,330,338,375,W-21,3,5.74632034356,5746.3,737.116875,C-336,10.6125,False
S-337,299,340,346,W-23,3,1.01390872965,1013.9,1710.425625,C-337,0.440625,False
S-338,335,341,381,W-11,2,5.65845237792,5658.5,650.109375,C-338,7.9675,False
S-339,350,342,395,W-09,2,7.34337661841,7343.4,125.144375,C-339,12.0825,False
S-34,43,32,55,W-21,1,7.04270382004,7042.7,737.116875,C-34,22.88125,False
S-340,313,343,359,W-22,1,2.4040737726,2404.1,87.838125,C-340,8.161875,False
S-341,329,339,374,W-04,2,7.54264068712,7542.6,646.183125,C-341,22.07875,False
S-342,405,344,449,W-08,1,12.8810551853,12881.1,66.39625,C-342,33.31625,False
S-343,316,345,360,W-06,1,3.47864267403,3478.6,724.775625,C-343,11.476875,False
S-344,418,346,462,W-23,3,14.1571590822,14157.2,1710.425625,C-344,25.265625,False
S-345,337,347,383,W-15,2,5.66053390593,5660.5,259.039375,C-345,8.04125,False
S-346,345,348,393,W-21,1,5.75201839509,5752.0,737.116875,C-346,10.709375,False
S-347,534,350,557,W-17,2,23.8205104475,23820.5,156.23375,C-347,48.330625,False
S-348,325,349,368,W-24,2,3.26599025767,3266.0,457.114375,C-348,6.7275,False
S-349,307,326,352,W-23,1,4.06280483272,4062.8,1710.425625,C-349,8.10625,False
S-35,40,34,51,W-23,1,5.896409627,5896.4,1710.425625,C-35,25.756875,False
S-350,324,351,363,W-06,1,4.65734848098,4657.3,724.775625,C-350,9.854375,False
S-351,343,352,389,W-23,3,5.85698051534,5857.0,1710.425625,C-351,11.81625,False
S-352,442,353,477,W-18,2,13.590737726,13590.7,100.968125,C-352,23.30875,False
S-353,445,354,481,W-12,1,12.9008513652,12900.9,50.54625,C-353,16.468125,False
S-354,326,355,368,W-24,1,2.20008928344,2200.1,457.114375,C-354,7.298125,False
S-355,333,356,379,W-04,1,6.98531835665,6985.3,646.183125,C-355,23.2525,False
S-356,339,357,386,W-02,1,3.07922618896,3079.2,609.78625,C-356,10.85625,False
S-357,312,335,358,W-24,1,3.82420093579,3824.2,457.114375,C-357,9.585625,False
S-358,422,358,464,W-24,3,11.3911688245,11391.2,457.114375,C-358,21.85,False
S-359,528,359,551,W-22,2,21.1295201898,21129.5,87.838125,C-359,42.428125,False
S-36,30,35,38,W-23,2,1.8813708499,1881.4,1710.425625,C-36,3.469375,False
S-360,319,360,363,W-06,3,0.191421356237,191.4,724.775625,C-360,0.164375,False
S-361,472,361,507,W-09,1,16.1930348033,16193.0,125.144375,C-361,27.274375,False
S-362,354,362,398,W-07,3,4.63345237792,4633.5,314.00125,C-362,5.61625,False
S-363,336,364,383,W-15,2,2.5313708499,2531.4,259.039375,C-363,3.838125,False
S-364,356,365,399,W-11,2,5.38700576851,5387.0,650.109375,C-364,7.29625,False
S-365,323,366,365,W-11,1,0.529809703886,529.8,650.109375,C-365,5.505,False
S-366,420,367,463,W-23,1,9.98945526217,9989.5,1710.425625,C-366,18.515625,False
S-367,433,368,469,W-24,2,11.0393921292,11039.4,457.114375,C-367,20.078125,False
S-368,378,369,417,W-02,1,3.95851551084,3958.5,609.78625,C-368,11.12,False
S-369,359,363,402,W-06,3,4.29203102168,4292.0,724.775625,C-369,4.98,False
S-37,48,37,60,W-23,1,5.6650387771,5665.0,1710.425625,C-37,15.829375,False
S-370,353,370,398,W-07,1,2.54889610307,2548.9,314.00125,C-370,7.435625,False
S-371,367,371,408,W-04,3,3.01066017178,3010.7,646.183125,C-371,6.30875,True
S-372,340,372,386,W-02,1,1.52833784131,1528.3,609.78625,C-372,8.95625,False
S-373,341,373,388,W-02,1,1.69653589284,1696.5,609.78625,C-373,10.8475,False
S-374,379,374,418,W-04,3,5.51126983722,5511.3,646.183125,C-374,10.031875,False
S-375,332,378,374,W-04,2,0.487132034356,487.1,646.183125,C-375,0.291875,False
S-376,551,375,569,W-21,3,23.0983279068,23098.3,737.116875,C-376,53.811875,False
S-377,358,376,401,W-02,1,1.94460678119,1944.6,609.78625,C-377,7.32625,False
S-378,396,377,438,W-14,1,5.71488636074,5714.9,44.554375,C-378,14.363125,False
S-379,347,394,378,W-04,1,1.36783008589,1367.8,646.183125,C-379,6.024375,False
S-38,72,38,87,W-23,2,10.9247474683,10924.7,1710.425625,C-38,23.924375,False
S-380,338,379,378,W-04,2,1.19675144213,1196.8,646.183125,C-380,1.445,False
S-381,364,407,379,W-04,1,2.33351551084,2333.5,646.183125,C-381,8.868125,False
S-382,573,380,586,W-23,1,22.0606493399,22060.6,1710.425625,C-382,45.02125,False
S-383,413,381,456,W-11,3,9.46868145113,9468.7,650.109375,C-383,16.479375,False
S-384,366,382,402,W-06,1,4.86932809898,4869.3,724.775625,C-384,15.2025,False
S-385,531,383,554,W-15,3,19.794900782,19794.9,259.039375,C-385,47.088125,False
S-386,368,384,409,W-06,1,2.11087572106,2110.9,724.775625,C-386,7.5325,False
S-387,370,385,408,W-04,1,3.42257665685,3422.6,646.183125,C-387,8.84875,False
S-388,348,388,392,W-02,2,1.8313708499,1831.4,609.78625,C-388,5.133125,False
S-389,357,387,401,W-02,1,1.0772970773,1077.3,609.78625,C-389,7.00875,False
S-39,34,41,45,W-23,3,3.12027957955,3120.3,1710.425625,C-39,5.789375,False
S-390,372,389,411,W-23,3,2.08743686708,2087.4,1710.425625,C-390,5.305,False
S-391,351,390,397,W-06,1,0.568566017178,568.6,724.775625,C-391,5.571875,False
S-392,389,386,434,W-02,2,5.44484848098,5444.8,609.78625,C-392,6.575625,False
S-393,344,391,392,W-02,1,0.198743686708,198.7,609.78625,C-393,5.345625,False
S-394,385,392,429,W-02,2,4.39736110757,4397.4,609.78625,C-394,13.553125,False
S-395,393,393,436,W-21,3,4.69987373415,4699.9,737.116875,C-395,13.74375,False
S-396,473,395,507,W-09,2,14.7056872196,14705.7,125.144375,C-396,32.791875,False
S-397,406,396,449,W-08,1,6.57067369571,6570.7,66.39625,C-397,10.91125,False
S-398,409,398,451,W-07,3,7.98406204336,7984.1,314.00125,C-398,15.594375,False
S-399,373,399,412,W-11,3,1.00961940777,1009.6,650.109375,C-399,0.8825,False
S-40,60,40,74,W-23,1,10.5168416229,10516.8,1710.425625,C-40,35.03,False
S-400,360,400,388,W-02,1,2.07760191002,2077.6,609.78625,C-400,9.569375,False
S-401,435,401,471,W-02,2,7.76231060123,7762.3,609.78625,C-401,10.204375,False
S-402,369,402,409,W-06,3,1.04497474683,1045.0,724.775625,C-402,2.555625,False
S-403,371,403,411,W-23,1,0.718566017178,718.6,1710.425625,C-403,8.79375,False
S-404,376,404,416,W-23,3,1.26568542495,1265.7,1710.425625,C-404,0.738125,False
S-405,423,405,465,W-18,1,6.33293199591,6332.9,100.968125,C-405,10.98375,False
S-406,375,408,413,W-04,3,0.809619407771,809.6,646.183125,C-406,0.991875,True
S-407,411,409,453,W-06,3,5.73731060123,5737.3,724.775625,C-407,20.141875,False
S-408,374,410,412,W-11,1,0.278921356237,278.9,650.109375,C-408,6.005625,False
S-409,403,411,445,W-23,3,4.29809703886,4298.1,1710.425625,C-409,5.999375,False
S-41,42,39,54,W-21,1,6.91090187158,6910.9,737.116875,C-41,16.8575,False
S-410,414,412,456,W-11,3,5.53093975133,5530.9,650.109375,C-410,16.505625,False
S-411,380,424,416,W-23,1,1.80067279836,1800.7,1710.425625,C-411,7.178125,False
S-412,412,413,455,W-04,4,5.33198051534,5332.0,646.183125,C-412,17.89,True
S-413,377,414,417,W-02,1,0.0883883476483,88.4,609.78625,C-413,5.43,False
S-414,386,406,432,W-24,2,4.13345237792,4133.5,457.114375,C-414,6.955,False
S-415,443,415,477,W-18,1,7.44981060123,7449.8,100.968125,C-415,12.811875,False
S-416,431,417,468,W-02,2,7.77340187158,7773.4,609.78625,C-416,7.7225,False
S-417,384,428,418,W-04,1,1.39711940777,1397.1,646.183125,C-417,7.04125,False
S-418,415,419,457,W-12,1,4.45349025767,4453.5,50.54625,C-418,8.550625,False
S-419,387,420,432,W-24,1,1.68247474683,1682.5,457.114375,C-419,6.538125,False
S-42,36,42,46,W-21,1,1.98351551084,1983.5,737.116875,C-42,14.3675,False
S-420,383,418,413,W-04,3,4.20342712475,4203.4,646.183125,C-420,4.41,False
S-421,426,421,453,W-06,1,10.9851920908,10985.2,724.775625,C-421,23.540625,False
S-422,476,422,509,W-10,1,11.2693542495,11269.4,20.036875,C-422,20.036875,False
S-423,404,423,448,W-07,1,4.45379509039,4453.8,314.00125,C-423,9.849375,False
S-424,398,416,440,W-23,3,3.02885822331,3028.9,1710.425625,C-424,4.518125,False
S-425,480,425,512,W-02,1,10.851156198,10851.2,609.78625,C-425,27.943125,False
S-426,400,426,441,W-06,2,1.90710678119,1907.1,724.775625,C-426,1.298125,False
S-427,391,427,435,W-06,1,1.90082521472,1900.8,724.775625,C-427,7.278125,False
S-428,388,429,431,W-02,2,1.74852813742,1748.5,609.78625,C-428,3.681875,False
S-429,399,397,441,W-06,2,6.2655591591,6265.6,724.775625,C-429,13.8425,False
S-43,38,43,49,W-23,1,3.62686597873,3626.9,1710.425625,C-43,10.990625,False
S-430,392,431,434,W-02,2,1.76317279836,1763.2,609.78625,C-430,4.288125,False
S-431,401,443,431,W-02,1,1.74475919755,1744.8,609.78625,C-431,6.883125,False
S-432,395,433,438,W-14,1,0.72300775542,723.0,44.554375,C-432,5.855625,False
S-433,437,434,470,W-02,3,10.0108387387,10010.8,609.78625,C-433,17.59125,False
S-434,421,432,464,W-24,2,6.16837661841,6168.4,457.114375,C-434,9.419375,False
S-435,495,435,524,W-06,2,11.8710678119,11871.1,724.775625,C-435,27.724375,False
S-436,397,430,440,W-23,1,1.97656114601,1976.6,1710.425625,C-436,6.5775,False
S-437,439,436,474,W-21,3,4.45060966544,4450.6,737.116875,C-437,10.701875,False
S-438,394,437,436,W-21,1,0.208210678119,208.2,737.116875,C-438,5.519375,False
S-439,487,438,519,W-14,2,10.2361435714,10236.1,44.554375,C-439,17.27,False
S-44,33,44,45,W-23,1,1.24105339059,1241.1,1710.425625,C-44,8.021875,False
S-440,402,439,445,W-23,1,0.791941738242,791.9,1710.425625,C-440,5.83875,False
S-441,449,440,486,W-23,3,5.21880771697,5218.8,1710.425625,C-441,13.789375,False
S-442,427,441,466,W-06,3,3.10385822331,3103.9,724.775625,C-442,2.633125,False
S-443,457,442,493,W-02,1,5.07095237792,5071.0,609.78625,C-443,12.31,False
S-444,407,444,429,W-02,1,5.95823682863,5958.2,609.78625,C-444,22.32125,False
S-445,441,445,476,W-23,3,4.12812229203,4128.1,1710.425625,C-445,6.06375,False
S-446,424,446,465,W-18,1,1.92818542495,1928.2,100.968125,C-446,6.45625,False
S-447,430,447,468,W-02,1,2.80171356237,2801.7,609.78625,C-447,8.72625,False
S-448,408,450,448,W-07,1,2.71546987567,2715.5,314.00125,C-448,8.91125,False
S-449,410,448,451,W-07,2,2.69956890143,2699.6,314.00125,C-449,1.241875,False
S-45,47,45,60,W-23,3,1.9813708499,1981.4,1710.425625,C-45,4.02125,False
S-450,456,449,491,W-08,2,4.55416305603,4554.2,66.39625,C-450,6.375625,False
S-451,470,451,503,W-07,3,6.95195526217,6952.0,314.00125,C-451,13.19375,False
S-452,429,453,467,W-06,3,2.72634559673,2726.3,724.775625,C-452,7.390625,False
S-453,482,452,514,W-23,1,6.56739898732,6567.4,1710.425625,C-453,17.5125,False
S-454,455,454,491,W-08,1,3.34638347648,3346.4,66.39625,C-454,8.788125,False
S-455,466,455,501,W-04,4,5.87946788875,5879.5,646.183125,C-455,16.278125,True
S-456,504,456,531,W-11,4,9.66512806053,9665.1,650.109375,C-456,19.57875,False
S-457,446,457,481,W-12,2,2.6831475452,2683.1,50.54625,C-457,2.945,False
S-458,416,458,457,W-12,1,0.158210678119,158.2,50.54625,C-458,5.393125,False
S-459,425,459,455,W-04,1,4.59151063967,4591.5,646.183125,C-459,12.123125,False
S-46,41,46,54,W-21,2,1.03033008589,1030.3,737.116875,C-46,0.810625,False
S-460,419,460,463,W-23,1,0.379809703886,379.8,1710.425625,C-460,5.616875,False
S-461,478,461,511,W-02,1,5.93737373415,5937.4,609.78625,C-461,12.761875,False
S-462,440,462,476,W-23,3,1.48890872965,1488.9,1710.425625,C-462,4.1925,False
S-463,498,463,527,W-23,2,8.39766594029,8397.7,1710.425625,C-463,13.28375,False
S-464,432,464,469,W-24,3,0.618198051534,618.2,457.114375,C-464,0.228125,False
S-465,451,465,489,W-18,2,2.77205627485,2772.1,100.968125,C-465,3.3375,False
S-466,460,466,495,W-06,3,2.80030483272,2800.3,724.775625,C-466,5.625,False
S-467,477,467,510,W-06,3,7.45477272148,7454.8,724.775625,C-467,17.85375,False
S-468,444,480,467,W-06,1,1.21871843354,1218.7,724.775625,C-468,7.105,False
S-469,434,468,470,W-02,2,0.370710678119,370.7,609.78625,C-469,0.219375,False
S-47,44,47,55,W-21,1,1.16354076401,1163.5,737.116875,C-47,9.8275,False
S-470,436,470,471,W-02,3,0.216421356237,216.4,609.78625,C-470,0.048125,False
S-471,450,471,487,W-02,3,2.96599025767,2966.0,609.78625,C-471,4.794375,False
S-472,438,473,474,W-21,1,0.577297077301,577.3,737.116875,C-472,6.13,False
S-473,447,474,484,W-21,3,0.918198051534,918.2,737.116875,C-473,0.239375,False
S-474,545,469,564,W-24,3,17.4805609538,17480.6,457.114375,C-474,46.146875,False
S-475,448,475,484,W-21,1,0.679809703886,679.8,737.116875,C-475,6.06875,False
S-476,452,477,489,W-18,2,1.00104076401,1001.0,100.968125,C-476,1.244375,False
S-477,513,478,540,W-35,1,6.81562229203,6815.6,591.52875,C-477,12.231875,False
S-478,626,479,634,W-02,1,21.8643812973,21864.4,609.78625,C-478,46.880625,False
S-479,454,481,490,W-12,2,0.762132034356,762.1,50.54625,C-479,1.8475,False
S-48,75,48,93,W-23,1,8.62496301759,8625.0,1710.425625,C-48,18.46875,False
S-480,515,482,541,W-02,1,6.95557178569,6955.6,609.78625,C-480,18.313125,False
S-481,524,483,549,W-04,1,8.03531835665,8035.3,646.183125,C-481,16.223125,False
S-482,475,484,508,W-21,3,3.67027957955,3670.3,737.116875,C-482,6.32125,False
S-483,490,485,520,W-07,1,8.80988725808,8809.9,314.00125,C-483,19.420625,False
S-484,459,472,486,W-23,1,4.2900387771,4290.0,1710.425625,C-484,11.49,False
S-485,458,487,493,W-02,3,0.93033008589,930.3,609.78625,C-485,0.383125000001,False
S-486,453,488,490,W-12,1,0.465165042945,465.2,50.54625,C-486,6.03,False
S-487,535,489,558,W-18,3,8.68479797464,8684.8,100.968125,C-487,15.240625,False
S-488,499,490,528,W-12,2,5.29380771697,5293.8,50.54625,C-488,9.311875,False
S-489,493,476,522,W-23,4,6.53198051534,6532.0,1710.425625,C-489,8.585625,False
S-49,45,49,57,W-23,2,1.08639610307,1086.4,1710.425625,C-49,1.07875,False
S-490,491,491,521,W-08,2,4.9173358544,4917.3,66.39625,C-490,7.005,False
S-491,469,492,501,W-04,1,5.21341449816,5213.4,646.183125,C-491,16.29125,False
S-492,463,493,499,W-02,3,1.32352813742,1323.5,609.78625,C-492,1.860625,False
S-493,464,494,500,W-06,1,1.40156114601,1401.6,724.775625,C-493,7.868125,False
S-494,462,498,487,W-02,1,3.0456475452,3045.6,609.78625,C-494,10.495625,False
S-495,465,495,500,W-06,3,1.02604076401,1026.0,724.775625,C-495,0.944375,False
S-496,467,496,502,W-02,1,0.955698051534,955.7,609.78625,C-496,5.796875,False
S-497,471,497,503,W-07,1,3.12508928344,3125.1,314.00125,C-497,7.17125,False
S-498,468,499,502,W-02,3,0.759619407771,759.6,609.78625,C-498,0.55125,False
S-499,539,500,559,W-06,3,8.9765241636,8976.5,724.775625,C-499,20.493125,False
S-50,39,50,51,W-23,1,0.458210678119,458.2,1710.425625,C-50,5.6925,False
S-500,521,501,547,W-04,4,6.46231060123,6462.3,646.183125,C-500,15.994375,True
S-501,486,502,512,W-02,3,4.21451839509,4214.5,609.78625,C-501,8.12625,False
S-502,485,517,499,W-02,1,3.34151063967,3341.5,609.78625,C-502,12.24125,False
S-503,489,503,520,W-07,3,1.94423881554,1944.2,314.00125,C-503,4.804375,False
S-504,492,504,522,W-23,1,1.97744949366,1977.4,1710.425625,C-504,8.894375,False
S-505,527,505,551,W-22,1,4.24993686708,4249.9,87.838125,C-505,11.67875,False
S-506,474,506,508,W-21,1,0.441941738242,441.9,737.116875,C-506,5.94,False
S-507,484,507,515,W-09,2,1.26317279836,1263.2,125.144375,C-507,0.623750000001,False
S-508,479,512,511,W-02,3,1.14497474683,1145.0,609.78625,C-508,0.74375,False
S-509,497,525,510,W-06,1,2.09727182413,2097.3,724.775625,C-509,7.888125,False
S-51,46,52,57,W-23,1,0.67300775542,673.0,1710.425625,C-51,5.58125,False
S-510,552,508,569,W-21,3,5.92309703886,5923.1,737.116875,C-510,11.373125,False
S-511,506,509,532,W-35,5,4.65060966544,4650.6,591.52875,C-511,11.218125,True
S-512,496,510,524,W-06,3,4.55593975133,4555.9,724.775625,C-512,5.6775,False
S-513,483,515,509,W-35,5,1.69246212025,1692.5,591.52875,C-513,2.40125,True
S-514,511,511,539,W-02,3,3.3341883092,3334.2,609.78625,C-514,4.165625,False
S-515,481,513,514,W-23,1,0.122855339059,122.9,1710.425625,C-515,5.348125,False
S-516,494,521,515,W-35,5,5.40520382004,5405.2,591.52875,C-516,14.763125,True
S-517,554,514,570,W-23,2,6.00949314192,6009.5,1710.425625,C-517,7.371875,False
S-518,488,516,519,W-14,1,0.471231060123,471.2,44.554375,C-518,6.03125,False
S-519,502,519,530,W-14,2,1.63388347648,1633.9,44.554375,C-519,1.034375,False
S-52,61,53,75,W-21,1,5.90039411616,5900.4,737.116875,C-52,14.7925,False
S-520,501,486,527,W-23,3,8.25906204336,8259.1,1710.425625,C-520,17.266875,False
S-521,519,520,545,W-07,3,3.27383297014,3273.8,314.00125,C-521,8.885625,False
S-522,553,522,570,W-23,4,5.25091449816,5250.9,1710.425625,C-522,12.625625,False
S-523,520,546,521,W-35,5,3.43167568262,3431.7,591.52875,C-523,2.77875,True
S-524,560,523,576,W-04,1,6.62747564417,6627.5,646.183125,C-524,13.29,False
S-525,559,524,559,W-06,3,12.0114484041,12011.4,724.775625,C-525,17.510625,False
S-526,503,529,530,W-35,5,3.07456890143,3074.6,591.52875,C-526,8.7125,True
S-527,523,518,548,W-23,1,3.13100288425,3131.0,1710.425625,C-527,7.6575,False
S-528,533,526,555,W-06,1,2.81473394438,2814.7,724.775625,C-528,9.024375,False
S-529,510,537,528,W-35,5,2.09852813742,2098.5,591.52875,C-529,4.815625,True
S-53,49,54,63,W-21,2,1.61746212025,1617.5,737.116875,C-53,0.88875,False
S-530,500,528,529,W-35,5,1.08106601718,1081.1,591.52875,C-530,0.8925,True
S-531,507,533,529,W-13,3,0.306066017178,306.1,179.19875,C-531,0.13,False
S-532,536,530,554,W-35,5,5.49588924499,5495.9,591.52875,C-532,17.0,True
S-533,505,532,531,W-35,5,0.0957106781187,95.7,591.52875,C-533,0.015,True
S-534,517,531,540,W-35,5,3.10489898732,3104.9,591.52875,C-534,2.744375,True
S-535,509,534,535,W-35,1,0.746231060123,746.2,591.52875,C-535,5.7975,False
S-536,508,535,532,W-35,2,0.237132034356,237.1,591.52875,C-536,0.041875,False
S-537,574,587,533,W-13,1,5.88988636074,5889.9,179.19875,C-537,11.59375,False
S-538,512,536,539,W-02,1,0.654809703886,654.8,609.78625,C-538,7.090625,False
S-539,546,565,533,W-13,3,4.82738636074,4827.4,179.19875,C-539,7.300625,False
S-54,119,55,142,W-21,2,16.5642658634,16564.3,737.116875,C-54,51.99625,False
S-540,518,544,537,W-35,1,0.928185424949,928.2,591.52875,C-540,6.301875,False
S-541,543,538,563,W-35,1,2.46354076401,2463.5,591.52875,C-541,9.841875,False
S-542,516,539,541,W-02,3,0.768198051534,768.2,609.78625,C-542,0.4725,False
S-543,522,527,548,W-23,3,2.34350288425,2343.5,1710.425625,C-543,3.399375,False
S-544,514,540,537,W-35,5,0.753553390593,753.6,591.52875,C-544,0.259375,True
S-545,614,541,624,W-02,3,13.859545443,13859.5,609.78625,C-545,37.0825,False
S-546,526,542,550,W-04,1,0.684987373415,685.0,646.183125,C-546,5.56125,False
S-547,550,543,568,W-04,1,3.4382620818,3438.3,646.183125,C-547,15.38375,False
S-548,532,545,546,W-35,5,3.35741161391,3357.4,591.52875,C-548,4.513125,True
S-549,569,583,545,W-35,5,5.37946788875,5379.5,591.52875,C-549,15.68875,True
S-55,67,57,83,W-23,2,5.48522907321,5485.2,1710.425625,C-55,13.683125,False
S-550,530,553,546,W-35,1,0.494454364826,494.5,591.52875,C-550,5.698125,False
S-551,525,547,549,W-04,4,0.395710678119,395.7,646.183125,C-551,0.0306250000003,True
S-552,529,549,550,W-04,4,0.815685424949,815.7,646.183125,C-552,0.590625,True
S-553,548,552,567,W-24,1,2.69491161391,2694.9,457.114375,C-553,8.09875,False
S-554,563,550,580,W-04,4,4.52236110757,4522.4,646.183125,C-554,11.323125,True
S-555,567,551,582,W-22,2,3.52101551084,3521.0,87.838125,C-555,6.72375,False
S-556,542,561,557,W-35,5,3.41525432638,3415.3,591.52875,C-556,8.286875,True
S-557,541,554,561,W-35,5,1.6795941546,1679.6,591.52875,C-557,2.1775,True
S-558,537,559,555,W-06,4,1.28639610307,1286.4,724.775625,C-558,1.181875,False
S-559,549,568,547,W-04,2,3.18063491861,3180.6,646.183125,C-559,6.8475,False
S-56,52,51,66,W-23,2,4.18951839509,4189.5,1710.425625,C-56,5.744375,False
S-560,612,556,620,W-05,1,11.2001415845,11200.1,58.935,C-560,29.254375,False
S-561,540,557,558,W-35,5,1.69675144213,1696.8,591.52875,C-561,2.706875,True
S-562,538,558,560,W-35,5,0.391421356237,391.4,591.52875,C-562,0.114375,True
S-563,544,560,563,W-35,5,1.77781745931,1777.8,591.52875,C-563,3.616875,True
S-564,564,548,578,W-23,3,10.8525649276,10852.6,1710.425625,C-564,22.530625,False
S-565,570,555,583,W-06,4,6.83626983722,6836.3,724.775625,C-565,12.960625,False
S-566,565,562,581,W-04,1,2.50777957955,2507.8,646.183125,C-566,8.819375,False
S-567,547,566,565,W-13,1,0.625520382004,625.5,179.19875,C-567,5.569375,False
S-568,575,563,589,W-35,5,3.31746212025,3317.5,591.52875,C-568,3.308125,True
S-569,556,571,567,W-24,1,1.72567279836,1725.7,457.114375,C-569,9.35375,False
S-57,51,59,64,W-21,1,2.52922618896,2529.2,737.116875,C-57,10.524375,False
S-570,555,567,564,W-24,2,3.40385822331,3403.9,457.114375,C-570,6.071875,False
S-571,557,572,568,W-04,1,0.541053390593,541.1,646.183125,C-571,6.30875,False
S-572,562,570,578,W-23,4,1.13890872965,1138.9,1710.425625,C-572,0.548125,False
S-573,561,573,576,W-04,1,0.909987373415,910.0,646.183125,C-573,5.93,False
S-574,558,575,535,W-35,1,4.85808441227,4858.1,591.52875,C-574,13.24,False
S-575,617,574,626,W-02,1,11.7198114986,11719.8,609.78625,C-575,29.37875,False
S-576,603,576,615,W-04,2,6.71586399182,6715.9,646.183125,C-576,7.726875,False
S-577,585,569,600,W-21,4,4.88700576851,4887.0,737.116875,C-577,5.521875,False
S-578,650,657,560,W-19,1,19.7415890912,19741.6,49.031875,C-578,49.031875,False
S-579,601,577,613,W-04,1,6.06105428794,6061.1,646.183125,C-579,13.3725,False
S-58,57,60,71,W-23,3,3.93951839509,3939.5,1710.425625,C-58,11.351875,False
S-580,568,579,582,W-22,1,1.26265241636,1262.7,87.838125,C-580,6.535,False
S-581,566,580,581,W-04,4,0.553553390593,553.6,646.183125,C-581,0.23875,True
S-582,586,601,565,W-13,3,5.70342712475,5703.4,179.19875,C-582,8.054375,False
S-583,608,581,615,W-04,4,10.8268289963,10826.8,646.183125,C-583,29.266875,True
S-584,606,618,561,W-16,3,11.0692911166,11069.3,623.145,C-584,33.81,False
S-585,571,582,584,W-22,2,0.156066017178,156.1,87.838125,C-585,0.0175,True
S-586,572,578,586,W-23,4,2.92101551084,2921.0,1710.425625,C-586,8.1825,False
S-587,577,584,591,W-35,5,1.19926406871,1199.3,591.52875,C-587,0.603125,True
S-588,576,585,589,W-35,1,0.966941738242,966.9,591.52875,C-588,6.436875,False
S-589,596,586,609,W-23,4,4.17916305603,4179.2,1710.425625,C-589,2.97875,False
S-59,73,61,89,W-23,1,6.69521644663,6695.2,1710.425625,C-59,18.465625,False
S-590,590,602,583,W-35,5,4.29736110757,4297.4,591.52875,C-590,12.0075,True
S-591,609,564,619,W-24,3,13.1513978978,13151.4,457.114375,C-591,34.329375,False
S-592,578,588,591,W-35,1,1.22389610307,1223.9,591.52875,C-592,8.334375,False
S-593,579,589,593,W-35,5,0.632842712475,632.8,591.52875,C-593,0.2,True
S-594,594,606,593,W-20,4,3.0609650045,3061.0,1482.563125,C-594,1.728125,False
S-595,583,590,580,W-04,1,4.17864267403,4178.6,646.183125,C-595,18.78375,False
S-596,597,591,609,W-35,5,3.88951839509,3889.5,591.52875,C-596,7.99875,True
S-597,581,592,597,W-35,1,0.541941738242,541.9,591.52875,C-597,6.466875,False
S-598,580,593,595,W-35,5,1.05961940777,1059.6,591.52875,C-598,0.641875,True
S-599,589,595,600,W-35,5,2.12279220614,2122.8,591.52875,C-599,7.35125,True
S-60,62,63,75,W-21,3,5.07162517628,5071.6,737.116875,C-60,13.076875,False
S-600,582,597,584,W-35,5,5.76807178569,5768.1,591.52875,C-600,13.296875,True
S-601,593,594,605,W-13,1,1.85762716319,1857.6,179.19875,C-601,11.555625,False
S-602,592,596,602,W-35,1,3.07760191002,3077.6,591.52875,C-602,9.688125,False
S-603,584,599,597,W-35,5,0.387132034356,387.1,591.52875,C-603,0.091875,True
S-604,587,598,601,W-13,1,0.208210678119,208.2,179.19875,C-604,6.16375,False
S-605,588,600,599,W-35,5,0.693198051534,693.2,591.52875,C-605,0.331875,True
S-606,591,603,599,W-35,1,0.780698051534,780.7,591.52875,C-606,8.618125,False
S-607,602,614,595,W-35,1,4.24491161391,4244.9,591.52875,C-607,9.698125,False
S-608,598,610,601,W-13,3,3.55060966544,3550.6,179.19875,C-608,3.33,False
S-609,622,628,606,W-20,4,6.5441125497,6544.1,1482.563125,C-609,9.3225,False
S-61,50,64,63,W-21,2,0.345710678119,345.7,737.116875,C-61,0.081875,False
S-610,605,604,617,W-35,1,2.55008928344,2550.1,591.52875,C-610,7.815625,False
S-611,600,611,606,W-20,1,1.11191648507,1111.9,1482.563125,C-611,7.85125,False
S-612,599,605,610,W-13,2,4.42413780286,4424.1,179.19875,C-612,7.483125,False
S-613,595,608,605,W-13,1,2.85762716319,2857.6,179.19875,C-613,9.62375,False
S-614,610,609,619,W-35,5,7.0155591591,7015.6,591.52875,C-614,19.22875,True
S-615,618,612,626,W-02,1,8.90544551984,8905.4,609.78625,C-615,26.31,False
S-616,648,613,649,W-04,4,15.3880988335,15388.1,646.183125,C-616,20.66625,True
S-617,604,615,613,W-04,4,3.31243686708,3312.4,646.183125,C-617,7.68625,True
S-618,631,616,637,W-35,1,4.84359216769,4843.6,591.52875,C-618,9.994375,False
S-619,607,617,602,W-35,5,7.50550865276,7505.5,591.52875,C-619,9.75125,True
S-62,53,58,66,W-23,1,8.59389700041,8593.9,1710.425625,C-62,23.964375,False
S-620,620,607,627,W-35,1,5.36948051534,5369.5,591.52875,C-620,11.9475,False
S-621,611,620,617,W-05,5,0.813908729653,813.9,58.935,C-621,1.224375,True
S-622,616,619,623,W-35,5,2.16243686708,2162.4,591.52875,C-622,5.318125,True
S-623,642,649,620,W-05,5,5.22309703886,5223.1,58.935,C-623,12.6225,True
S-624,613,621,623,W-35,1,0.229809703886,229.8,591.52875,C-624,6.56875,False
S-625,628,624,634,W-02,3,4.64987373415,4649.9,609.78625,C-625,8.741875,False
S-626,623,629,610,W-13,2,9.79116882454,9791.2,179.19875,C-626,23.056875,False
S-627,621,623,627,W-35,5,2.23743686708,2237.4,591.52875,C-627,3.635,True
S-628,615,622,618,W-16,1,2.54224657096,2542.2,623.145,C-628,9.6,False
S-629,635,625,638,W-16,1,4.75217081145,4752.2,623.145,C-629,14.125625,False
S-63,54,62,67,W-21,1,2.32331258814,2323.3,737.116875,C-63,8.166875,False
S-630,619,626,624,W-02,2,2.47885822331,2478.9,609.78625,C-630,3.54375,False
S-631,633,638,618,W-16,3,3.87989898732,3879.9,623.145,C-631,7.188125,False
S-632,632,627,637,W-35,5,1.63639610307,1636.4,591.52875,C-632,4.345625,True
S-633,629,630,628,W-20,1,4.27257665685,4272.6,1482.563125,C-633,8.880625,False
S-634,627,635,628,W-20,4,0.838908729653,838.9,1482.563125,C-634,3.390625,False
S-635,630,636,629,W-13,1,0.832474746831,832.5,179.19875,C-635,5.903125,False
S-636,625,632,629,W-13,2,3.72738636074,3727.4,179.19875,C-636,8.9525,False
S-637,624,631,632,W-13,2,0.632842712475,632.8,179.19875,C-637,3.3025,False
S-638,634,639,631,W-13,1,3.24224657096,3242.2,179.19875,C-638,14.510625,False
S-639,645,634,652,W-02,3,5.38522907321,5385.2,609.78625,C-639,14.65125,False
S-64,55,67,64,W-21,2,8.39086399182,8390.9,737.116875,C-64,23.95,False
S-640,752,756,631,W-13,1,19.2903959108,19290.4,179.19875,C-640,46.18875,False
S-641,636,640,632,W-13,1,0.900520382004,900.5,179.19875,C-641,6.48,False
S-642,674,633,680,W-02,1,7.09493776442,7094.9,609.78625,C-642,16.636875,False
S-643,637,641,635,W-20,4,1.00961940777,1009.6,1482.563125,C-643,0.446875,False
S-644,640,646,635,W-20,1,2.41369318037,2413.7,1482.563125,C-644,9.674375,False
S-645,641,637,647,W-35,5,5.11629509039,5116.3,591.52875,C-645,14.34,True
S-646,643,651,638,W-16,3,2.2313708499,2231.4,623.145,C-646,4.378125,False
S-647,638,642,641,W-20,1,0.244454364826,244.5,1482.563125,C-647,5.4925,False
S-648,639,645,641,W-20,4,0.994974746831,995.0,1482.563125,C-648,0.668125,False
S-649,694,696,689,W-25,1,33.0200423665,33020.0,248.1375,C-649,86.185,False
S-65,59,65,74,W-23,1,2.0040737726,2004.1,1710.425625,C-65,8.924375,False
S-650,732,737,651,W-16,1,28.6224025767,28622.4,623.145,C-650,81.796875,False
S-651,647,654,645,W-20,1,4.8382620818,4838.3,1482.563125,C-651,14.0425,False
S-652,644,643,652,W-02,1,1.04105339059,1041.1,609.78625,C-652,5.75375,False
S-653,653,644,658,W-03,1,5.89034360982,5890.3,26.678125,C-653,17.333125,False
S-654,646,653,645,W-20,4,0.863908729653,863.9,1482.563125,C-654,1.74875,False
S-655,664,647,671,W-35,5,5.84558441227,5845.6,591.52875,C-655,15.038125,True
S-656,660,667,647,W-25,3,2.69099025767,2691.0,248.1375,C-656,3.96125,False
S-657,680,648,686,W-02,1,4.53308441227,4533.1,609.78625,C-657,9.68875,False
S-658,670,650,676,W-02,1,3.75970869121,3759.7,609.78625,C-658,10.139375,False
S-659,658,652,665,W-02,3,3.51954364826,3519.5,609.78625,C-659,8.225625,False
S-66,64,66,78,W-23,2,3.95134559673,3951.3,1710.425625,C-66,4.87,False
S-660,661,668,651,W-16,3,2.5331475452,2533.1,623.145,C-660,6.834375,False
S-661,649,656,653,W-20,1,0.2375,237.5,1482.563125,C-661,5.38625,False
S-662,666,672,653,W-20,4,2.94705627485,2947.1,1482.563125,C-662,5.889375,False
S-663,651,655,658,W-03,1,0.481586399182,481.6,26.678125,C-663,5.485625,False
S-664,652,659,649,W-05,4,1.33210678119,1332.1,58.935,C-664,0.723125,False
S-665,655,658,661,W-03,2,4.38700576851,4387.0,26.678125,C-665,3.859375,False
S-666,654,661,659,W-05,4,1.28033008589,1280.3,58.935,C-666,0.726875,False
S-667,669,675,659,W-05,1,2.69904851943,2699.0,58.935,C-667,9.698125,False
S-668,657,660,665,W-02,1,0.533210678119,533.2,609.78625,C-668,5.658125,False
S-669,678,683,661,W-05,4,3.64454364826,3644.5,58.935,C-669,5.894375,False
S-67,65,56,82,W-21,1,8.01874458405,8018.7,737.116875,C-67,21.096875,False
S-670,656,664,663,W-25,1,2.85600288425,2856.0,248.1375,C-670,11.638125,False
S-671,663,662,670,W-26,1,1.06265241636,1062.7,107.7025,C-671,6.52125,False
S-672,659,663,666,W-25,2,1.55710678119,1557.1,248.1375,C-672,2.120625,False
S-673,662,669,663,W-25,1,0.908363094479,908.4,248.1375,C-673,6.334375,False
S-674,676,665,681,W-02,3,4.70060966544,4700.6,609.78625,C-674,11.20125,False
S-675,667,666,673,W-25,2,4.05489898732,4054.9,248.1375,C-675,10.15,False
S-676,677,682,666,W-25,1,2.50762716319,2507.6,248.1375,C-676,8.16125,False
S-677,696,698,668,W-16,3,5.1155591591,5115.6,623.145,C-677,14.27125,False
S-678,665,670,671,W-26,2,1.00355339059,1003.6,107.7025,C-678,0.468125,False
S-679,692,671,694,W-35,5,3.48167568262,3481.7,591.52875,C-679,10.891875,True
S-68,56,68,67,W-21,1,2.30496212025,2305.0,737.116875,C-68,10.258125,False
S-680,671,678,672,W-20,1,0.877297077301,877.3,1482.563125,C-680,10.899375,False
S-681,698,700,672,W-20,4,4.30134559673,4301.3,1482.563125,C-681,15.60125,False
S-682,684,684,668,W-16,2,11.2525649276,11252.6,623.145,C-682,19.78625,False
S-683,668,674,667,W-25,1,2.89135822331,2891.4,248.1375,C-683,8.4325,False
S-684,691,673,692,W-25,2,5.04913780286,5049.1,248.1375,C-684,14.77375,False
S-685,683,676,688,W-02,3,1.20888347648,1208.9,609.78625,C-685,5.95875,False
S-686,672,679,676,W-02,3,0.722487373415,722.5,609.78625,C-686,0.6075,False
S-687,688,690,683,W-02,3,8.0951533137,8095.2,609.78625,C-687,20.23375,False
S-688,673,677,679,W-02,1,0.508210678119,508.2,609.78625,C-688,5.49625,False
S-689,681,680,686,W-02,3,1.11997474683,1120.0,609.78625,C-689,1.584375,False
S-69,58,69,71,W-23,1,0.269454364826,269.5,1710.425625,C-69,5.486875,False
S-690,675,681,680,W-02,3,0.260355339059,260.4,609.78625,C-690,0.33375,False
S-691,689,691,681,W-02,1,1.84978445072,1849.8,609.78625,C-691,7.8925,False
S-692,717,721,684,W-16,1,12.7967406102,12796.7,623.145,C-692,35.86375,False
S-693,702,703,683,W-01,3,4.61629509039,4616.3,103.98125,C-693,7.971875,False
S-694,682,687,667,W-25,3,3.75312229203,3753.1,248.1375,C-694,3.0525,False
S-695,679,685,684,W-16,1,0.172855339059,172.9,623.145,C-695,5.361875,False
S-696,685,686,679,W-02,3,2.81066017178,2810.7,609.78625,C-696,3.020625,False
S-697,686,689,687,W-25,3,3.77309703886,3773.1,248.1375,C-697,3.464375,False
S-698,687,688,690,W-02,3,0.959619407771,959.6,609.78625,C-698,0.825,False
S-699,690,692,689,W-25,3,2.60992424049,2609.9,248.1375,C-699,3.55625,False
S-70,70,70,85,W-11,1,2.57760191002,2577.6,650.109375,C-70,8.794375,False
S-700,695,697,688,W-02,1,4.29757665685,4297.6,609.78625,C-700,10.728125,False
S-701,697,699,690,W-02,1,1.85067279836,1850.7,609.78625,C-701,7.75875,False
S-702,693,695,673,W-25,1,5.13574945522,5135.7,248.1375,C-702,17.64625,False
S-703,700,701,670,W-26,2,5.52517856687,5525.2,107.7025,C-703,7.51125,False
S-704,706,708,694,W-35,1,4.19166305603,4191.7,591.52875,C-704,12.300625,False
S-705,699,693,698,W-16,1,3.54239898732,3542.4,623.145,C-705,7.990625,False
S-706,705,694,706,W-35,5,2.11347763109,2113.5,591.52875,C-706,4.5225,True
S-707,707,709,698,W-16,3,1.78033008589,1780.3,623.145,C-707,6.5375,False
S-708,713,717,700,W-20,4,3.70060966544,3700.6,1482.563125,C-708,7.96875,False
S-709,704,705,700,W-20,1,0.895495128835,895.5,1482.563125,C-709,10.73875,False
S-71,69,73,85,W-11,1,2.2920941546,2292.1,650.109375,C-71,10.589375,False
S-710,701,702,701,W-26,1,0.158210678119,158.2,107.7025,C-710,5.488125,False
S-711,709,711,710,W-20,1,6.58679021923,6586.8,1482.563125,C-711,18.94375,False
S-712,728,733,703,W-01,3,5.49307178569,5493.1,103.98125,C-712,15.228125,False
S-713,703,704,703,W-01,1,0.418566017178,418.6,103.98125,C-713,5.4025,False
S-714,726,706,730,W-35,5,5.96126983722,5961.3,591.52875,C-714,17.26375,True
S-715,708,707,709,W-16,1,5.16770382004,5167.7,623.145,C-715,14.49,False
S-716,711,714,709,W-16,3,1.50281745931,1502.8,623.145,C-716,1.028125,False
S-717,724,729,692,W-25,2,10.5078950135,10507.9,248.1375,C-717,26.5775,False
S-718,716,710,719,W-20,2,4.19632034356,4196.3,1482.563125,C-718,3.24375,False
S-719,710,712,710,W-20,1,1.94283008589,1942.8,1482.563125,C-719,7.969375,False
S-72,74,74,89,W-23,2,2.84454364826,2844.5,1710.425625,C-72,5.26625,False
S-720,722,713,725,W-01,1,2.54062229203,2540.6,103.98125,C-720,8.621875,False
S-721,715,718,714,W-16,3,0.678553390593,678.6,623.145,C-721,0.215,False
S-722,712,715,714,W-16,1,0.243566017178,243.6,623.145,C-722,5.683125,False
S-723,714,716,687,W-25,1,8.25602903477,8256.0,248.1375,C-723,22.28375,False
S-724,718,722,717,W-20,4,0.647487373415,647.5,1482.563125,C-724,0.14375,False
S-725,796,804,718,W-16,1,12.6916892065,12691.7,623.145,C-725,25.619375,False
S-726,720,719,724,W-20,3,2.09423881554,2094.2,1482.563125,C-726,1.9575,False
S-727,719,720,717,W-20,1,2.39046987567,2390.5,1482.563125,C-727,7.141875,False
S-728,754,757,701,W-26,2,16.4817279836,16481.7,107.7025,C-728,41.760625,False
S-729,742,747,719,W-20,3,5.96984848098,5969.8,1482.563125,C-729,12.178125,False
S-73,63,72,78,W-23,1,2.68706890143,2687.1,1710.425625,C-73,10.104375,False
S-730,751,754,706,W-27,3,11.0768289963,11076.8,68.375,C-730,21.864375,False
S-731,721,724,722,W-20,4,0.262132034356,262.1,1482.563125,C-731,0.02375,False
S-732,730,735,722,W-20,1,2.24978445072,2249.8,1482.563125,C-732,8.201875,False
S-733,723,723,725,W-01,1,2.42922618896,2429.2,103.98125,C-733,11.95125,False
S-734,758,761,732,W-16,1,17.1318172671,17131.8,623.145,C-734,40.36375,False
S-735,734,738,724,W-20,4,1.98210678119,1982.1,1482.563125,C-735,4.640625,False
S-736,733,725,733,W-01,2,4.25667568262,4256.7,103.98125,C-736,5.49875,False
S-737,725,726,729,W-25,1,0.389276695297,389.3,248.1375,C-737,5.399375,False
S-738,727,728,732,W-16,1,1.23942911166,1239.4,623.145,C-738,5.814375,False
S-739,737,742,729,W-25,1,2.21975919755,2219.8,248.1375,C-739,14.400625,False
S-74,66,75,82,W-21,3,0.826040764009,826.0,737.116875,C-74,1.014375,False
S-740,748,730,752,W-35,5,2.90563491861,2905.6,591.52875,C-740,6.13875,True
S-741,729,727,734,W-20,1,4.28810966544,4288.1,1482.563125,C-741,14.945625,False
S-742,747,731,752,W-35,1,2.91280483272,2912.8,591.52875,C-742,6.990625,False
S-743,731,736,718,W-16,3,3.0313708499,3031.4,623.145,C-743,6.578125,False
S-744,735,732,736,W-16,2,3.44099025767,3441.0,623.145,C-744,10.455625,False
S-745,736,741,733,W-01,2,0.522487373415,522.5,103.98125,C-745,0.68875,False
S-746,755,758,734,W-20,1,4.50646013334,4506.5,1482.563125,C-746,17.478125,False
S-747,749,753,736,W-16,3,1.79423881554,1794.2,623.145,C-747,1.310625,False
S-748,774,778,738,W-20,4,5.0591883092,5059.2,1482.563125,C-748,13.17125,False
S-749,743,749,738,W-20,3,1.48388347648,1483.9,1482.563125,C-749,1.0175,False
S-75,68,76,83,W-23,1,0.902297077301,902.3,1710.425625,C-75,6.509375,False
S-750,739,739,743,W-35,1,0.686764068712,686.8,591.52875,C-750,5.574375,False
S-751,741,734,747,W-20,2,5.18553390593,5185.5,1482.563125,C-751,9.87125,False
S-752,795,801,741,W-01,1,8.0316125497,8031.6,103.98125,C-752,17.4325,False
S-753,768,771,741,W-01,2,4.5591883092,4559.2,103.98125,C-753,11.623125,False
S-754,750,746,754,W-27,2,4.30416305603,4304.2,68.375,C-754,6.99875,False
S-755,738,740,743,W-35,1,1.3290737726,1329.1,591.52875,C-755,7.7125,False
S-756,769,743,772,W-35,2,3.97604076401,3976.0,591.52875,C-756,1.52625,False
S-757,740,744,746,W-27,1,0.449632034356,449.6,68.375,C-757,5.824375,False
S-758,746,745,751,W-20,1,1.33854076401,1338.5,1482.563125,C-758,6.168125,False
S-759,757,748,753,W-16,1,8.05409992311,8054.1,623.145,C-759,12.4425,False
S-76,117,77,137,W-11,1,9.06267856687,9062.7,650.109375,C-76,14.974375,False
S-760,772,774,730,W-28,1,14.1431872196,14143.2,34.484375,C-760,34.48625,False
S-761,744,750,746,W-27,1,0.546231060123,546.2,68.375,C-761,5.536875,False
S-762,756,759,747,W-20,2,1.83994949366,1839.9,1482.563125,C-762,2.788125,False
S-763,761,763,749,W-20,2,2.6331475452,2633.1,1482.563125,C-763,3.005,False
S-764,745,751,749,W-20,2,0.0707106781187,70.7,1482.563125,C-764,0.0324999999996,False
S-765,765,752,767,W-35,5,2.83670093579,2836.7,591.52875,C-765,8.666875,True
S-766,786,790,754,W-27,2,9.11010280737,9110.1,68.375,C-766,15.935,False
S-767,753,755,751,W-20,1,1.89816017178,1898.2,1482.563125,C-767,6.54125,False
S-768,762,764,757,W-26,2,1.59852813742,1598.5,107.7025,C-768,2.63,False
S-769,778,782,759,W-20,1,4.87435335215,4874.4,1482.563125,C-769,14.085625,False
S-77,93,78,115,W-23,2,5.51170093579,5511.7,1710.425625,C-77,7.045625,False
S-770,759,760,757,W-26,1,2.83262716319,2832.6,107.7025,C-770,9.368125,False
S-771,760,762,759,W-20,1,2.78529220614,2785.3,1482.563125,C-771,10.154375,False
S-772,776,780,753,W-16,3,4.48522907321,4485.2,623.145,C-772,7.159375,False
S-773,773,777,764,W-26,2,1.02855339059,1028.6,107.7025,C-773,1.33,False
S-774,764,766,764,W-26,1,0.651408729653,651.4,107.7025,C-774,6.24125,False
S-775,791,797,767,W-29,2,9.24545814642,9245.5,90.164375,C-775,28.665625,False
S-776,775,776,763,W-20,1,4.57079996156,4570.8,1482.563125,C-776,10.203125,False
S-777,763,765,763,W-20,1,0.555698051534,555.7,1482.563125,C-777,6.545,False
S-778,766,767,768,W-35,5,0.0353553390593,35.4,591.52875,C-778,0.0675,True
S-779,770,768,772,W-35,5,0.322487373415,322.5,591.52875,C-779,3.2525,True
S-78,71,71,87,W-23,3,4.68198051534,4682.0,1710.425625,C-78,17.70375,False
S-780,767,770,768,W-35,1,0.213388347648,213.4,591.52875,C-780,5.385,False
S-781,797,769,805,W-35,1,4.50496212025,4505.0,591.52875,C-781,7.98,False
S-782,771,773,771,W-01,1,0.198743686708,198.7,103.98125,C-782,5.35625,False
S-783,781,788,771,W-01,1,2.22833784131,2228.3,103.98125,C-783,14.20625,False
S-784,798,772,805,W-35,5,4.69913780286,4699.1,591.52875,C-784,11.34375,True
S-785,784,775,789,W-16,1,3.86133297014,3861.3,623.145,C-785,12.853125,False
S-786,799,806,777,W-26,1,4.29757665685,4297.6,107.7025,C-786,15.025,False
S-787,780,785,777,W-26,1,1.73262716319,1732.6,107.7025,C-787,11.364375,False
S-788,788,793,778,W-20,4,2.30888347648,2308.9,1482.563125,C-788,5.323125,False
S-789,782,779,787,W-16,1,2.25762716319,2257.6,623.145,C-789,6.4025,False
S-79,76,79,93,W-23,1,2.36118055378,2361.2,1710.425625,C-79,10.9075,False
S-790,779,784,780,W-16,3,0.824264068712,824.3,623.145,C-790,0.924375,False
S-791,777,781,780,W-16,1,0.515165042945,515.2,623.145,C-791,6.3275,False
S-792,833,783,839,W-20,1,10.8764610307,10876.5,1482.563125,C-792,39.001875,False
S-793,789,786,793,W-20,1,4.74935335215,4749.4,1482.563125,C-793,15.346875,False
S-794,783,787,784,W-16,2,5.1377416998,5137.7,623.145,C-794,17.128125,False
S-795,785,789,787,W-16,2,3.0581475452,3058.1,623.145,C-795,5.780625,False
S-796,794,800,784,W-16,3,4.02560966544,4025.6,623.145,C-796,7.459375,False
S-797,801,808,789,W-16,2,8.00299602618,8003.0,623.145,C-797,24.184375,False
S-798,793,799,790,W-27,1,1.13498737342,1135.0,68.375,C-798,6.396875,False
S-799,787,792,790,W-27,1,0.371231060123,371.2,68.375,C-799,5.81875,False
S-80,95,80,116,W-11,1,5.98559703886,5985.6,650.109375,C-80,24.73375,False
S-800,815,819,793,W-20,4,3.17634559673,3176.3,1482.563125,C-800,10.288125,False
S-801,802,794,808,W-16,1,2.1568912319,2156.9,623.145,C-801,7.2925,False
S-802,792,796,798,W-29,1,1.34120580695,1341.2,90.164375,C-802,8.155625,False
S-803,790,791,797,W-29,1,1.44727182413,1447.3,90.164375,C-803,7.08,False
S-804,809,795,813,W-35,1,3.39920093579,3399.2,591.52875,C-804,13.136875,False
S-805,827,834,800,W-16,2,11.9793416229,11979.3,623.145,C-805,21.939375,False
S-806,811,815,798,W-29,1,3.87435335215,3874.4,90.164375,C-806,9.5075,False
S-807,806,798,811,W-29,2,3.60134559673,3601.3,90.164375,C-807,6.568125,False
S-808,805,802,810,W-30,2,2.75385822331,2753.9,20.2225,C-808,2.824375,False
S-809,812,817,802,W-30,1,1.93262716319,1932.6,20.2225,C-809,7.2725,False
S-81,84,81,103,W-24,1,3.27420093579,3274.2,457.114375,C-81,9.831875,False
S-810,803,803,802,W-30,1,2.40437860532,2404.4,20.2225,C-810,10.125625,False
S-811,807,812,807,W-20,1,3.26473394438,3264.7,1482.563125,C-811,10.74375,False
S-812,808,811,797,W-29,2,4.79129509039,4791.3,90.164375,C-812,14.294375,False
S-813,800,807,778,W-20,2,10.7007882323,10700.8,1482.563125,C-813,20.3225,False
S-814,804,805,810,W-35,5,0.544974746831,545.0,591.52875,C-814,1.150625,True
S-815,862,872,800,W-16,2,12.9539105243,12953.9,623.145,C-815,39.6825,False
S-816,814,809,818,W-16,1,2.42671356237,2426.7,623.145,C-816,7.3625,False
S-817,813,818,808,W-16,2,2.1313708499,2131.4,623.145,C-817,9.013125,False
S-818,810,810,813,W-35,5,0.732106781187,732.1,591.52875,C-818,1.7175,True
S-819,821,813,827,W-35,5,1.94350288425,1943.5,591.52875,C-819,1.765,True
S-82,79,82,98,W-21,3,2.68566017178,2685.7,737.116875,C-82,4.939375,False
S-820,823,816,830,W-20,1,1.75762716319,1757.6,1482.563125,C-820,7.09875,False
S-821,817,821,819,W-20,1,1.85940385849,1859.4,1482.563125,C-821,6.700625,False
S-822,816,820,819,W-20,4,0.256066017178,256.1,1482.563125,C-822,0.1625,False
S-823,818,823,811,W-29,1,4.87021644663,4870.2,90.164375,C-823,15.893125,False
S-824,820,826,820,W-20,1,0.76265241636,762.7,1482.563125,C-824,7.58125,False
S-825,822,828,820,W-20,4,0.999264068712,999.3,1482.563125,C-825,0.531875,False
S-826,819,824,807,W-20,1,3.39757665685,3397.6,1482.563125,C-826,12.328125,False
S-827,825,822,832,W-35,1,1.26013978978,1260.1,591.52875,C-827,8.104375,False
S-828,826,827,832,W-35,5,0.840685424949,840.7,591.52875,C-828,0.584375,True
S-829,824,825,830,W-20,1,2.50585046789,2505.9,1482.563125,C-829,8.1575,False
S-83,94,83,115,W-23,2,5.47560966544,5475.6,1710.425625,C-83,9.52,False
S-830,837,814,828,W-20,1,9.34849115501,9348.5,1482.563125,C-830,19.49375,False
S-831,828,829,835,W-16,1,0.583363094479,583.4,623.145,C-831,5.451875,False
S-832,831,833,827,W-31,1,3.7938708499,3793.9,14.125625,C-832,14.125625,False
S-833,838,846,828,W-20,4,4.04809703886,4048.1,1482.563125,C-833,10.131875,False
S-834,830,836,834,W-16,1,2.11620580695,2116.2,623.145,C-834,9.325,False
S-835,840,830,848,W-20,2,6.05698051534,6057.0,1482.563125,C-835,8.476875,False
S-836,836,832,842,W-35,5,2.0313708499,2031.4,591.52875,C-836,6.504375,True
S-837,832,838,834,W-16,1,0.753921356237,753.9,623.145,C-837,6.524375,False
S-838,829,835,818,W-16,2,2.56421356237,2564.2,623.145,C-838,4.415625,False
S-839,835,841,835,W-16,2,2.23670093579,2236.7,623.145,C-839,5.5325,False
S-84,92,84,111,W-21,1,7.14907466994,7149.1,737.116875,C-84,22.075,False
S-840,834,837,839,W-20,1,0.778921356237,778.9,1482.563125,C-840,5.635,False
S-841,852,831,858,W-20,1,10.5729076401,10572.9,1482.563125,C-841,21.80375,False
S-842,856,840,842,W-32,1,11.82927849,11829.3,18.896875,C-842,18.896875,False
S-843,891,842,900,W-35,5,6.55593975133,6555.9,591.52875,C-843,10.600625,True
S-844,844,853,841,W-16,1,1.90156114601,1901.6,623.145,C-844,7.889375,False
S-845,855,839,866,W-20,2,5.57665042945,5576.7,1482.563125,C-845,11.536875,False
S-846,853,863,841,W-16,1,3.86577470839,3865.8,623.145,C-846,14.9575,False
S-847,839,844,848,W-20,1,0.233210678119,233.2,1482.563125,C-847,5.369375,False
S-848,847,845,859,W-33,1,1.30836309448,1308.4,422.846875,C-848,6.598125,False
S-849,841,851,846,W-20,3,0.688908729653,688.9,1482.563125,C-849,0.215,False
S-85,82,85,102,W-11,2,3.35992424049,3359.9,650.109375,C-85,3.474375,False
S-850,842,852,846,W-20,4,0.493198051534,493.2,1482.563125,C-850,0.224375,False
S-851,873,847,885,W-20,1,8.79597852843,8796.0,1482.563125,C-851,21.194375,False
S-852,850,849,861,W-33,1,1.13336309448,1133.4,422.846875,C-852,7.001875,False
S-853,843,850,852,W-20,1,0.147855339059,147.9,1482.563125,C-853,5.405,False
S-854,845,854,851,W-20,1,0.961764068712,961.8,1482.563125,C-854,5.57625,False
S-855,846,855,851,W-20,3,0.918198051534,918.2,1482.563125,C-855,0.27125,False
S-856,859,871,852,W-20,4,2.28743686708,2287.4,1482.563125,C-856,5.575,False
S-857,849,860,859,W-33,1,0.569454364826,569.5,422.846875,C-857,5.826875,False
S-858,895,862,904,W-33,1,6.0882620818,6088.3,422.846875,C-858,16.174375,False
S-859,851,856,861,W-33,1,0.409987373415,410.0,422.846875,C-859,6.984375,False
S-86,89,86,109,W-11,1,3.63115530061,3631.2,650.109375,C-86,8.378125,False
S-860,858,866,855,W-20,3,7.19766594029,7197.7,1482.563125,C-860,17.780625,False
S-861,900,902,855,W-20,1,8.82318632229,8823.2,1482.563125,C-861,16.869375,False
S-862,848,848,858,W-20,2,1.40281745931,1402.8,1482.563125,C-862,0.8875,False
S-863,866,859,878,W-33,2,3.77916305603,3779.2,422.846875,C-863,9.729375,False
S-864,854,861,864,W-33,2,0.482842712475,482.8,422.846875,C-864,0.2125,False
S-865,902,864,907,W-33,3,13.2107124728,13210.7,422.846875,C-865,36.646875,False
S-866,857,858,866,W-20,2,6.23198051534,6232.0,1482.563125,C-866,14.01375,False
S-867,872,865,885,W-20,1,3.29417568262,3294.2,1482.563125,C-867,10.35,False
S-868,892,867,901,W-33,1,7.27925233947,7279.3,422.846875,C-868,15.64625,False
S-869,861,870,872,W-16,1,5.18810966544,5188.1,623.145,C-869,17.511875,False
S-87,86,88,104,W-23,1,2.12211940777,2122.1,1710.425625,C-87,11.835,False
S-870,860,868,871,W-20,1,3.10526695297,3105.3,1482.563125,C-870,7.274375,False
S-871,876,869,888,W-33,1,2.51458152802,2514.6,422.846875,C-871,7.0975,False
S-872,864,843,875,W-20,1,5.4280591591,5428.1,1482.563125,C-872,25.261875,False
S-873,865,876,871,W-20,4,1.01390872965,1013.9,1482.563125,C-873,1.159375,False
S-874,863,873,872,W-16,1,0.625520382004,625.5,623.145,C-874,6.48375,False
S-875,913,857,919,W-20,1,12.8948114986,12894.8,1482.563125,C-875,20.8175,False
S-876,875,874,887,W-33,1,1.93262716319,1932.6,422.846875,C-876,7.195,False
S-877,869,882,875,W-20,1,1.76191648507,1761.9,1482.563125,C-877,7.036875,False
S-878,867,879,876,W-20,1,0.585875721064,585.9,1482.563125,C-878,5.87375,False
S-879,868,877,881,W-33,1,0.743718433538,743.7,422.846875,C-879,6.420625,False
S-88,77,87,95,W-23,3,2.79883297014,2798.8,1710.425625,C-88,4.16625,False
S-880,883,875,893,W-20,2,2.38492424049,2384.9,1482.563125,C-880,4.121875,False
S-881,887,878,896,W-33,3,3.27205627485,3272.1,422.846875,C-881,3.92125,False
S-882,878,880,890,W-20,1,0.599632034356,599.6,1482.563125,C-882,8.161875,False
S-883,870,881,883,W-33,2,0.507842712475,507.8,422.846875,C-883,0.10875,False
S-884,871,884,878,W-33,2,1.43639610307,1436.4,422.846875,C-884,1.346875,False
S-885,874,883,884,W-33,2,1.90888347648,1908.9,422.846875,C-885,3.0975,False
S-886,889,898,883,W-33,1,1.69904851943,1699.0,422.846875,C-886,6.383125,False
S-887,882,892,884,W-33,1,0.318566017178,318.6,422.846875,C-887,5.7825,False
S-888,907,885,915,W-20,2,5.77340187158,5773.4,1482.563125,C-888,5.690625,False
S-889,880,891,881,W-33,1,1.63854076401,1638.5,422.846875,C-889,6.564375,False
S-89,105,89,126,W-23,2,5.4905591591,5490.6,1710.425625,C-89,11.243125,False
S-890,877,886,889,W-33,1,0.078033008589,78.0,422.846875,C-890,5.370625,False
S-891,884,894,864,W-33,3,4.8905591591,4890.6,422.846875,C-891,16.691875,False
S-892,881,887,889,W-33,3,0.587132034356,587.1,422.846875,C-892,0.436875,False
S-893,879,888,887,W-33,3,0.978553390593,978.6,422.846875,C-893,1.1,False
S-894,885,889,894,W-33,3,3.19956890143,3199.6,422.846875,C-894,7.866875,False
S-895,888,896,888,W-33,3,1.65888347648,1658.9,422.846875,C-895,2.344375,False
S-896,899,890,906,W-20,2,8.78259018078,8782.6,1482.563125,C-896,22.578125,False
S-897,886,895,893,W-20,1,0.92300775542,923.0,1482.563125,C-897,6.0175,False
S-898,912,893,919,W-20,2,12.0960678119,12096.1,1482.563125,C-898,22.04625,False
S-899,932,940,894,W-33,2,7.24484848098,7244.8,422.846875,C-899,18.0575,False
S-90,98,90,119,W-07,1,4.14757665685,4147.6,314.00125,C-90,8.765,False
S-900,901,909,876,W-20,4,4.22132034356,4221.3,1482.563125,C-900,9.82375,False
S-901,893,897,901,W-33,1,1.66354076401,1663.5,422.846875,C-901,7.28,False
S-902,890,899,900,W-35,1,0.053033008589,53.0,591.52875,C-902,5.719375,False
S-903,897,900,905,W-35,5,1.04142135624,1041.4,591.52875,C-903,0.108125,True
S-904,894,901,903,W-33,2,3.09099025767,3091.0,422.846875,C-904,4.439375,False
S-905,915,923,912,W-20,2,9.26187950266,9261.9,1482.563125,C-905,16.305625,False
S-906,896,903,904,W-33,3,0.968198051534,968.2,422.846875,C-906,0.210625000001,False
S-907,905,914,903,W-33,3,2.6813708499,2681.4,422.846875,C-907,1.924375,False
S-908,911,910,907,W-33,2,9.16114357137,9161.1,422.846875,C-908,22.503125,False
S-909,898,904,905,W-35,3,0.0707106781187,70.7,591.52875,C-909,0.35625,False
S-91,78,91,98,W-21,1,1.1040737726,1104.1,737.116875,C-91,5.84125,False
S-910,916,905,924,W-35,5,3.15416305603,3154.2,591.52875,C-910,6.29625,True
S-911,908,906,915,W-20,3,5.26200576851,5262.0,1482.563125,C-911,8.0625,False
S-912,923,931,896,W-33,2,6.13878246381,6138.8,422.846875,C-912,21.121875,False
S-913,906,907,914,W-33,3,3.36170093579,3361.7,422.846875,C-913,5.225,False
S-914,921,927,906,W-20,2,4.01703102168,4017.0,1482.563125,C-914,12.27125,False
S-915,920,908,923,W-20,1,4.0882620818,4088.3,1482.563125,C-915,14.083125,False
S-916,945,950,909,W-20,3,9.51292026667,9512.9,1482.563125,C-916,24.784375,False
S-917,914,922,909,W-20,3,2.26243686708,2262.4,1482.563125,C-917,2.65125,False
S-918,903,912,890,W-20,2,6.90269119346,6902.7,1482.563125,C-918,25.88625,False
S-919,934,941,910,W-33,1,4.33854076401,4338.5,422.846875,C-919,6.989375,False
S-92,83,92,102,W-11,1,1.15747474683,1157.5,650.109375,C-92,7.1525,False
S-920,918,926,910,W-33,2,2.14068542495,2140.7,422.846875,C-920,4.91625,False
S-921,940,911,946,W-20,1,6.19876983722,6198.8,1482.563125,C-921,19.85375,False
S-922,904,913,912,W-20,1,1.24283008589,1242.8,1482.563125,C-922,6.3,False
S-923,909,915,917,W-20,3,0.195710678119,195.7,1482.563125,C-923,0.0325000000002,False
S-924,910,916,917,W-20,1,0.0978553390593,97.9,1482.563125,C-924,5.75125,False
S-925,917,917,922,W-20,3,1.69172618896,1691.7,1482.563125,C-925,3.280625,False
S-926,944,918,949,W-20,1,4.93219606462,4932.2,1482.563125,C-926,15.729375,False
S-927,929,919,937,W-20,2,3.4591883092,3459.2,1482.563125,C-927,5.91,False
S-928,925,921,932,W-35,1,1.4772970773,1477.3,591.52875,C-928,8.6725,False
S-929,937,944,922,W-20,1,4.52110479428,4521.1,1482.563125,C-929,13.913125,False
S-93,81,93,100,W-23,2,0.770710678119,770.7,1710.425625,C-93,0.069375,False
S-930,936,942,923,W-20,2,4.39025432638,4390.3,1482.563125,C-930,13.14625,False
S-931,922,924,930,W-35,5,0.796751442127,796.8,591.52875,C-931,0.4425,True
S-932,919,925,926,W-33,1,0.984987373415,985.0,422.846875,C-932,6.2275,False
S-933,949,953,926,W-33,2,4.99809703886,4998.1,422.846875,C-933,19.91,False
S-934,962,966,927,W-20,1,8.1780591591,8178.1,1482.563125,C-934,28.031875,False
S-935,924,928,931,W-33,1,2.95422618896,2954.2,422.846875,C-935,10.351875,False
S-936,930,929,937,W-20,1,1.51265241636,1512.7,1482.563125,C-936,5.730625,False
S-937,926,930,932,W-35,5,0.55533008589,555.3,591.52875,C-937,0.438125,True
S-938,953,957,930,W-35,1,5.86237373415,5862.4,591.52875,C-938,15.49125,False
S-939,960,932,965,W-35,5,6.81764068712,6817.6,591.52875,C-939,24.463125,True
S-94,116,94,136,W-23,1,8.01283098323,8012.8,1710.425625,C-94,21.7375,False
S-940,935,933,942,W-20,1,3.01813491861,3018.1,1482.563125,C-940,8.464375,False
S-941,928,935,931,W-33,2,4.66451839509,4664.5,422.846875,C-941,9.86125,False
S-942,927,934,935,W-33,1,0.98765241636,987.7,422.846875,C-942,5.77375,False
S-943,931,939,935,W-33,1,0.752297077301,752.3,422.846875,C-943,5.85375,False
S-944,947,951,938,W-20,1,5.96755140368,5967.6,1482.563125,C-944,19.87625,False
S-945,933,936,940,W-33,1,2.18351551084,2183.5,422.846875,C-945,12.79875,False
S-946,951,955,914,W-33,1,9.45366882454,9453.7,422.846875,C-946,27.55375,False
S-947,938,938,927,W-20,2,8.58657466994,8586.6,1482.563125,C-947,24.855,False
S-948,942,937,948,W-20,2,4.02309703886,4023.1,1482.563125,C-948,11.360625,False
S-949,973,976,938,W-20,1,9.30336399182,9303.4,1482.563125,C-949,32.013125,False
S-95,88,108,95,W-23,1,2.35422618896,2354.2,1710.425625,C-95,8.025,False
S-950,941,947,940,W-33,1,1.71013978978,1710.1,422.846875,C-950,8.384375,False
S-951,982,943,985,W-20,1,9.409430009,9409.4,1482.563125,C-951,21.428125,False
S-952,939,945,946,W-20,1,0.541053390593,541.1,1482.563125,C-952,8.14375,False
S-953,948,952,942,W-20,2,2.31421356237,2314.2,1482.563125,C-953,4.280625,False
S-954,958,961,948,W-20,3,3.61378246381,3613.8,1482.563125,C-954,9.75625,False
S-955,943,948,949,W-20,3,0.05,50.0,1482.563125,C-955,0.00625,False
S-956,946,949,950,W-20,3,1.37781745931,1377.8,1482.563125,C-956,5.716875,False
S-957,956,946,960,W-20,2,5.25593975133,5255.9,1482.563125,C-957,11.644375,False
S-958,970,974,950,W-20,2,4.97738636074,4977.4,1482.563125,C-958,12.4125,False
S-959,950,954,952,W-20,2,1.32781745931,1327.8,1482.563125,C-959,2.1725,False
S-96,80,95,100,W-23,3,0.719974746831,720.0,1710.425625,C-96,0.77375,False
S-960,952,956,952,W-20,1,2.80008928344,2800.1,1482.563125,C-960,12.484375,False
S-961,955,959,953,W-33,2,1.89423881554,1894.2,422.846875,C-961,3.97,False
S-962,980,983,954,W-20,1,8.66224746831,8662.2,1482.563125,C-962,34.666875,False
S-963,972,975,954,W-20,1,3.76917568262,3769.2,1482.563125,C-963,11.56,False
S-964,954,958,953,W-33,1,3.50097763109,3501.0,422.846875,C-964,15.561875,False
S-965,968,920,972,W-20,1,10.3545571722,10354.6,1482.563125,C-965,35.950625,False
S-966,957,960,961,W-20,3,2.82855339059,2828.6,1482.563125,C-966,6.439375,False
S-967,965,968,959,W-33,1,2.42760191002,2427.6,422.846875,C-967,10.97375,False
S-968,966,969,959,W-33,1,1.69549512883,1695.5,422.846875,C-968,6.054375,False
S-969,959,962,960,W-20,3,1.35533008589,1355.3,1482.563125,C-969,1.844375,False
S-97,151,96,179,W-24,1,14.2860804385,14286.1,457.114375,C-97,31.66,False
S-970,987,988,961,W-20,1,7.44892225358,7448.9,1482.563125,C-970,29.244375,False
S-971,969,972,962,W-20,2,6.49987373415,6499.9,1482.563125,C-971,20.49875,False
S-972,961,963,965,W-35,1,0.759251442127,759.3,591.52875,C-972,9.46125,False
S-973,974,977,962,W-20,2,3.33921356237,3339.2,1482.563125,C-973,6.906875,False
S-974,963,964,967,W-35,1,0.538388347648,538.4,591.52875,C-974,5.8675,False
S-975,964,965,967,W-35,5,0.494974746831,495.0,591.52875,C-975,1.026875,True
S-976,967,967,971,W-35,5,0.3625,362.5,591.52875,C-976,0.011875,True
S-977,971,973,974,W-20,1,7.47288148957,7472.9,1482.563125,C-977,35.018125,False
S-978,978,970,981,W-20,1,2.50067279836,2500.7,1482.563125,C-978,11.98,False
S-979,983,986,972,W-20,2,5.73449314192,5734.5,1482.563125,C-979,15.696875,False
S-98,85,97,103,W-24,1,0.418566017178,418.6,457.114375,C-98,5.641875,False
S-980,976,979,977,W-20,1,0.445342712475,445.3,1482.563125,C-980,6.355625,False
S-981,986,987,977,W-20,1,2.20496212025,2205.0,1482.563125,C-981,8.15125,False
S-982,979,982,924,W-34,1,18.4091774773,18409.2,66.899375,C-982,66.9025,False
S-983,975,978,974,W-20,1,2.35333784131,2353.3,1482.563125,C-983,16.65625,False
S-984,977,980,981,W-20,1,0.147855339059,147.9,1482.563125,C-984,5.410625,False
S-985,981,981,984,W-20,2,1.56317279836,1563.2,1482.563125,C-985,2.26,False
S-986,989,990,984,W-20,1,7.15587661841,7155.9,1482.563125,C-986,26.14625,False
S-987,985,984,985,W-20,2,2.83743686708,2837.4,1482.563125,C-987,10.6175,False
S-988,984,985,986,W-20,2,0.593198051534,593.2,1482.563125,C-988,0.9025,False
S-989,988,989,986,W-20,1,5.4854446225,5485.4,1482.563125,C-989,19.480625,False
S-99,91,98,111,W-21,3,1.42352813742,1423.5,737.116875,C-99,1.53875,False
